priority_id,headword,gloss_en,part_of_speech,first_lesson_number,lesson_frequency,occurrence_count,linked_entry_count,avg_confidence,lessons_json
FCN-VP-00001,tlen,alternative spelling of tlein,pron,1,32,32,1,0.9,"[1, 2, 3, 4, 5, 6, 7, 8, 9, 10, 11, 12, 13, 14, 15, 16, 17, 18, 19, 20, 21, 22, 23, 24, 25, 26, 27, 28, 29, 30, 31, 32]"
FCN-VP-00002,huan,and,conj,2,24,24,1,0.9,"[2, 3, 4, 5, 6, 7, 9, 10, 11, 12, 13, 17, 18, 19, 20, 21, 22, 23, 24, 25, 26, 27, 29, 31]"
FCN-VP-00003,nahuatl,something having a clear and pleasant sound.,noun,1,16,16,1,0.9,"[1, 2, 3, 4, 5, 6, 7, 9, 11, 12, 14, 15, 16, 20, 28, 29]"
FCN-VP-00004,tequitl,work,noun,10,16,16,1,0.9,"[10, 12, 17, 18, 19, 20, 21, 22, 23, 24, 25, 26, 27, 28, 29, 31]"
FCN-VP-00005,īcā,,,4,14,14,0,0.4,"[4, 6, 7, 8, 9, 11, 12, 19, 22, 23, 27, 29, 31, 32]"
FCN-VP-00006,cequin,,,8,14,14,0,0.4,"[8, 9, 11, 17, 19, 21, 24, 25, 26, 27, 29, 30, 31, 32]"
FCN-VP-00007,which,,,4,13,13,0,0.4,"[4, 9, 15, 16, 18, 19, 20, 21, 22, 23, 26, 28, 30]"
FCN-VP-00008,tlachīhualiztli,,,6,12,12,0,0.4,"[6, 12, 14, 15, 16, 17, 19, 23, 24, 25, 28, 31]"
FCN-VP-00009,tlamanēxtilli,,,12,12,12,0,0.4,"[12, 13, 14, 15, 16, 17, 19, 20, 23, 24, 25, 32]"
FCN-VP-00010,questions,,,2,11,11,0,0.4,"[2, 4, 7, 8, 9, 18, 19, 21, 22, 29, 31]"
FCN-VP-00011,ōme,,,4,11,11,0,0.4,"[4, 6, 10, 18, 19, 20, 23, 27, 28, 29, 31]"
FCN-VP-00012,ahāhuiltiliztli,,,6,9,9,0,0.4,"[6, 13, 14, 15, 16, 17, 20, 24, 25]"
FCN-VP-00013,huanya,,,6,9,9,0,0.4,"[6, 7, 8, 12, 13, 24, 25, 26, 31]"
FCN-VP-00014,tlamānēxtilli,,,1,8,8,0,0.4,"[1, 3, 6, 7, 8, 9, 10, 12]"
FCN-VP-00015,chicontepec,"Chicontepec (the largest city in the state of Veracruz, Mexico)",name,3,7,7,1,0.9,"[3, 7, 11, 21, 22, 27, 32]"
FCN-VP-00016,quēniuhqui,,,3,7,7,0,0.4,"[3, 8, 9, 10, 18, 19, 31]"
FCN-VP-00017,ēyi,,,4,7,7,0,0.4,"[4, 10, 19, 23, 27, 28, 29]"
FCN-VP-00018,yāhuatzinco,,,6,7,7,0,0.4,"[6, 7, 12, 13, 19, 22, 25]"
FCN-VP-00019,quēmman,,,7,7,7,0,0.4,"[7, 11, 13, 19, 22, 29, 31]"
FCN-VP-00020,tlamantli,thing.,noun,8,7,7,1,0.9,"[8, 19, 21, 22, 27, 29, 31]"
FCN-VP-00021,each,,,10,7,7,0,0.4,"[10, 11, 13, 17, 21, 27, 29]"
FCN-VP-00022,cāmpa,,,19,7,7,0,0.4,"[19, 22, 23, 25, 26, 27, 31]"
FCN-VP-00023,quipiya,,,3,6,6,0,0.4,"[3, 4, 20, 22, 27, 29]"
FCN-VP-00024,school,,,3,6,6,0,0.4,"[3, 6, 8, 12, 13, 23]"
FCN-VP-00025,achtohui,first.,adj,7,6,6,1,0.9,"[7, 19, 21, 22, 29, 31]"
FCN-VP-00026,nouhquiya,,,7,6,6,0,0.4,"[7, 19, 22, 27, 29, 31]"
FCN-VP-00027,nicān,,,3,5,5,0,0.4,"[3, 22, 26, 27, 31]"
FCN-VP-00028,tlahtolpāmitl,,,6,5,5,0,0.4,"[6, 13, 24, 25, 31]"
FCN-VP-00029,īchān,,,7,5,5,0,0.4,"[7, 12, 24, 25, 31]"
FCN-VP-00030,tlacualli,Food.,noun,18,5,5,1,0.9,"[18, 19, 22, 25, 31]"
FCN-VP-00031,tlahuel,very,adv,19,5,5,1,0.9,"[19, 22, 28, 30, 32]"
FCN-VP-00032,tlamanextilli,,,1,4,4,0,0.4,"[1, 17, 20, 26]"
FCN-VP-00033,cualtitoc,"fine, ok.",intj,3,4,4,1,0.9,"[3, 5, 19, 27]"
FCN-VP-00034,mācēhualli,,,3,4,4,0,0.4,"[3, 11, 29, 31]"
FCN-VP-00035,chichiquilli,Harpoon.,noun,4,4,4,1,0.9,"[4, 18, 24, 27]"
FCN-VP-00036,huēyi,,,4,4,4,0,0.4,"[4, 22, 23, 25]"
FCN-VP-00037,quezqui,how much?,adv,4,4,4,1,0.9,"[4, 9, 21, 27]"
FCN-VP-00038,tlapōhualiztli,,,4,4,4,0,0.4,"[4, 5, 13, 31]"
FCN-VP-00039,xīhuitl,,,4,4,4,0,0.4,"[4, 9, 22, 26]"
FCN-VP-00040,change,,,5,4,4,0,0.4,"[5, 15, 25, 31]"
FCN-VP-00041,itztoc,to be.,verb,7,4,4,1,0.9,"[7, 21, 24, 30]"
FCN-VP-00042,mīllah,,,7,4,4,0,0.4,"[7, 8, 22, 24]"
FCN-VP-00043,nahui,four,num,7,4,4,1,0.9,"[7, 19, 22, 28]"
FCN-VP-00044,pēhua,,,7,4,4,0,0.4,"[7, 23, 29, 31]"
FCN-VP-00045,quēntzin,,,7,4,4,0,0.4,"[7, 22, 27, 29]"
FCN-VP-00046,tlahtolli,Word; speech; language.,noun,8,4,4,1,0.9,"[8, 10, 19, 32]"
FCN-VP-00047,yohui,,,8,4,4,0,0.4,"[8, 22, 24, 31]"
FCN-VP-00048,hueliz,,,11,4,4,0,0.4,"[11, 22, 29, 31]"
FCN-VP-00049,quēna,,,11,4,4,0,0.4,"[11, 19, 27, 31]"
FCN-VP-00050,tlan,,,11,4,4,0,0.4,"[11, 22, 29, 31]"
FCN-VP-00051,tiotlac,evening,noun,12,4,4,1,0.9,"[12, 21, 22, 24]"
FCN-VP-00052,nonanān,,,13,4,4,0,0.4,"[13, 24, 26, 32]"
FCN-VP-00053,ahahuiltiliztli,,,17,4,4,0,0.4,"[17, 20, 26, 28]"
FCN-VP-00054,chilli,chili pepper,noun,18,4,4,1,0.9,"[18, 19, 22, 27]"
FCN-VP-00055,chachapalli,,,19,4,4,0,0.4,"[19, 22, 25, 27]"
FCN-VP-00056,noque,,,19,4,4,0,0.4,"[19, 21, 22, 31]"
FCN-VP-00057,ātl,,,19,4,4,0,0.4,"[19, 22, 25, 30]"
FCN-VP-00058,monequi,,,21,4,4,0,0.4,"[21, 22, 29, 31]"
FCN-VP-00059,xiquihcuilo,,,21,4,4,0,0.4,"[21, 22, 29, 31]"
FCN-VP-00060,chicōntepēc,,,3,3,3,0,0.4,"[3, 27, 32]"
FCN-VP-00061,cihuātl,,,3,3,3,0,0.4,"[3, 11, 22]"
FCN-VP-00062,nimomachtia,,,3,3,3,0,0.4,"[3, 5, 6]"
FCN-VP-00063,nitlamachtia,,,3,3,3,0,0.4,"[3, 5, 6]"
FCN-VP-00064,teach,,,3,3,3,0,0.4,"[3, 5, 6]"
FCN-VP-00065,tlatōcaxtiliztli,,,3,3,3,0,0.4,"[3, 20, 23]"
FCN-VP-00066,chicuēyi,,,4,3,3,0,0.4,"[4, 22, 24]"
FCN-VP-00067,mahtlactli,ten,num,4,3,3,1,0.9,"[4, 6, 27]"
FCN-VP-00068,quēn,,,4,3,3,0,0.4,"[4, 18, 22]"
FCN-VP-00069,tlahtlaniliztli,,,4,3,3,0,0.4,"[4, 21, 31]"
FCN-VP-00070,cāhuitl,,,6,3,3,0,0.4,"[6, 7, 22]"
FCN-VP-00071,etl,bean,noun,7,3,3,1,0.9,"[7, 21, 22]"
FCN-VP-00072,inanān,,,7,3,3,0,0.4,"[7, 25, 26]"
FCN-VP-00073,quichīhua,,,7,3,3,0,0.4,"[7, 22, 31]"
FCN-VP-00074,quinequi,,,7,3,3,0,0.4,"[7, 24, 31]"
FCN-VP-00075,tlayōhua,,,7,3,3,0,0.4,"[7, 12, 19]"
FCN-VP-00076,tōnatiuh,,,7,3,3,0,0.4,"[7, 22, 24]"
FCN-VP-00077,achi,small.,adv,8,3,3,1,0.9,"[8, 10, 22]"
FCN-VP-00078,nochocho,,,9,3,3,0,0.4,"[9, 12, 24]"
FCN-VP-00079,mōztla,,,11,3,3,0,0.4,"[11, 12, 26]"
FCN-VP-00080,quēnque,,,11,3,3,0,0.4,"[11, 18, 22]"
FCN-VP-00081,nochipa,,,12,3,3,0,0.4,"[12, 13, 29]"
FCN-VP-00082,īyōltzin,,,12,3,3,0,0.4,"[12, 24, 26]"
FCN-VP-00083,cut,,,13,3,3,0,0.4,"[13, 15, 22]"
FCN-VP-00084,hualiztli,,,13,3,3,0,0.4,"[13, 17, 28]"
FCN-VP-00085,quicui,,,13,3,3,0,0.4,"[13, 22, 31]"
FCN-VP-00086,tohhuantin,,,13,3,3,0,0.4,"[13, 19, 31]"
FCN-VP-00087,mochīhua,,,17,3,3,0,0.4,"[17, 22, 31]"
FCN-VP-00088,tlachihualiztli,verb.,noun,17,3,3,1,0.9,"[17, 26, 28]"
FCN-VP-00089,chicken,,,18,3,3,0,0.4,"[18, 27, 31]"
FCN-VP-00090,cualli,Something good; a good thing.,noun,19,3,3,1,0.9,"[19, 29, 31]"
FCN-VP-00091,iztātl,,,19,3,3,0,0.4,"[19, 22, 27]"
FCN-VP-00092,nochi,all.,det,19,3,3,1,0.9,"[19, 22, 31]"
FCN-VP-00093,pilaltepētzitzin,,,19,3,3,0,0.4,"[19, 22, 27]"
FCN-VP-00094,queniuhqui,,,19,3,3,0,0.4,"[19, 21, 22]"
FCN-VP-00095,quīza,,,19,3,3,0,0.4,"[19, 29, 31]"
FCN-VP-00096,little,,,20,3,3,0,0.4,"[20, 21, 23]"
FCN-VP-00097,tlahco,,,21,3,3,0,0.4,"[21, 22, 31]"
FCN-VP-00098,itztoqueh,,,22,3,3,0,0.4,"[22, 24, 26]"
FCN-VP-00099,yehyēctzin,,,22,3,3,0,0.4,"[22, 24, 25]"
FCN-VP-00100,human,,,24,3,3,0,0.4,"[24, 29, 32]"
FCN-VP-00101,unique,,,1,2,2,0,0.4,"[1, 21]"
FCN-VP-00102,teacher,,,2,2,2,0,0.4,"[2, 5]"
FCN-VP-00103,cānin,,,3,2,2,0,0.4,"[3, 24]"
FCN-VP-00104,cōmalli,,,3,2,2,0,0.4,"[3, 4]"
FCN-VP-00105,mācēhualmeh,,,3,2,2,0,0.4,"[3, 27]"
FCN-VP-00106,niēhua,,,3,2,2,0,0.4,"[3, 6]"
FCN-VP-00107,tepōztli,,,3,2,2,0,0.4,"[3, 22]"
FCN-VP-00108,ticchīhua,,,3,2,2,0,0.4,"[3, 11]"
FCN-VP-00109,ītecoh,,,3,2,2,0,0.4,"[3, 20]"
FCN-VP-00110,chicuacē,,,4,2,2,0,0.4,"[4, 7]"
FCN-VP-00111,ticāmati,,,4,2,2,0,0.4,"[4, 18]"
FCN-VP-00112,tlaxcalli,maize tortilla,noun,4,2,2,1,0.9,"[4, 7]"
FCN-VP-00113,tzictic,,,4,2,2,0,0.4,"[4, 10]"
FCN-VP-00114,xoxoctīc,,,4,2,2,0,0.4,"[4, 27]"
FCN-VP-00115,xōchitl,,,4,2,2,0,0.4,"[4, 10]"
FCN-VP-00116,ītōcah,,,4,2,2,0,0.4,"[4, 8]"
FCN-VP-00117,īīxnēzca,,,4,2,2,0,0.4,"[4, 10]"
FCN-VP-00118,momachtianih,,,5,2,2,0,0.4,"[5, 12]"
FCN-VP-00119,nāhuatl,,,5,2,2,0,0.4,"[5, 6]"
FCN-VP-00120,titequiti,,,5,2,2,0,0.4,"[5, 11]"
FCN-VP-00121,caltlamachtiloyan,,,6,2,2,0,0.4,"[6, 8]"
FCN-VP-00122,māltia,,,6,2,2,0,0.4,"[6, 30]"
FCN-VP-00123,nitequiti,,,6,2,2,0,0.4,"[6, 11]"
FCN-VP-00124,cemilhuitl,,,7,2,2,0,0.4,"[7, 29]"
FCN-VP-00125,chīlli,,,7,2,2,0,0.4,"[7, 22]"
FCN-VP-00126,mēhua,,,7,2,2,0,0.4,"[7, 22]"
FCN-VP-00127,nitlahtzoma,,,7,2,2,0,0.4,"[7, 11]"
FCN-VP-00128,pantzin,,,7,2,2,0,0.4,"[7, 18]"
FCN-VP-00129,quiitta,,,7,2,2,0,0.4,"[7, 29]"
FCN-VP-00130,quimāna,,,7,2,2,0,0.4,"[7, 22]"
FCN-VP-00131,tlacualchīhua,,,7,2,2,0,0.4,"[7, 22]"
FCN-VP-00132,tlahcotōna,,,7,2,2,0,0.4,"[7, 19]"
FCN-VP-00133,tlami,"to end, to finish",verb,7,2,2,1,0.9,"[7, 31]"
FCN-VP-00134,ītōnal,,,7,2,2,0,0.4,"[7, 31]"
FCN-VP-00135,cīntli,,,8,2,2,0,0.4,"[8, 22]"
FCN-VP-00136,hui,,,8,2,2,0,0.4,"[8, 20]"
FCN-VP-00137,itōcah,,,8,2,2,0,0.4,"[8, 31]"
FCN-VP-00138,mohmōztlah,,,8,2,2,0,0.4,"[8, 24]"
FCN-VP-00139,pāmeh,,,8,2,2,0,0.4,"[8, 10]"
FCN-VP-00140,quicocōa,,,8,2,2,0,0.4,"[8, 29]"
FCN-VP-00141,quipoz,,,8,2,2,0,0.4,"[8, 20]"
FCN-VP-00142,tlatlahco,,,8,2,2,0,0.4,"[8, 22]"
FCN-VP-00143,īchichi,,,8,2,2,0,0.4,"[8, 24]"
FCN-VP-00144,inintōcah,,,9,2,2,0,0.4,"[9, 31]"
FCN-VP-00145,motōcaxtilli,,,9,2,2,0,0.4,"[9, 23]"
FCN-VP-00146,quipōz,,,9,2,2,0,0.4,"[9, 23]"
FCN-VP-00147,īchocho,,,9,2,2,0,0.4,"[9, 24]"
FCN-VP-00148,īteco,,,9,2,2,0,0.4,"[9, 23]"
FCN-VP-00149,chicometepetl,,,10,2,2,0,0.4,"[10, 16]"
FCN-VP-00150,chīchīltic,,,10,2,2,0,0.4,"[10, 29]"
FCN-VP-00151,huahcapantic,,,10,2,2,0,0.4,"[10, 22]"
FCN-VP-00152,nahua,,,11,2,2,0,0.4,"[11, 22]"
FCN-VP-00153,tlācatl,,,11,2,2,0,0.4,"[11, 22]"
FCN-VP-00154,īnechca,,,11,2,2,0,0.4,"[11, 25]"
FCN-VP-00155,caltlamachtihcān,,,12,2,2,0,0.4,"[12, 13]"
FCN-VP-00156,tequitiz,,,12,2,2,0,0.4,"[12, 31]"
FCN-VP-00157,tlaixpiyalli,,,12,2,2,0,0.4,"[12, 24]"
FCN-VP-00158,qui,,,13,2,2,0,0.4,"[13, 26]"
FCN-VP-00159,tlachi,,,13,2,2,0,0.4,"[13, 17]"
FCN-VP-00160,queh,,,14,2,2,0,0.4,"[14, 15]"
FCN-VP-00161,-qui,person or thing that does an action indicated by the root verb; used to form an agent noun.,suffix,15,2,2,1,0.9,"[15, 26]"
FCN-VP-00162,quīzqui,,,15,2,2,0,0.4,"[15, 31]"
FCN-VP-00163,mo-,,prefix,17,2,2,1,0.9,"[17, 23]"
FCN-VP-00164,mochihchīhua,,,17,2,2,0,0.4,"[17, 22]"
FCN-VP-00165,mocuā,,,17,2,2,0,0.4,"[17, 22]"
FCN-VP-00166,catlinya,,,18,2,2,0,0.4,"[18, 22]"
FCN-VP-00167,chīltlaxcalli,,,18,2,2,0,0.4,"[18, 19]"
FCN-VP-00168,tequtil,,,18,2,2,0,0.4,"[18, 21]"
FCN-VP-00169,tlacualiztli,food.,noun,18,2,2,1,0.9,"[18, 22]"
FCN-VP-00170,huahcapan,,,19,2,2,0,0.4,"[19, 22]"
FCN-VP-00171,motequihuia,,,19,2,2,0,0.4,"[19, 22]"
FCN-VP-00172,piyonacatl,,,19,2,2,0,0.4,"[19, 27]"
FCN-VP-00173,quena,"yes, positive response.",particle,19,2,2,1,0.9,"[19, 27]"
FCN-VP-00174,ticnequih,,,19,2,2,0,0.4,"[19, 31]"
FCN-VP-00175,tiquihtozceh,,,19,2,2,0,0.4,"[19, 22]"
FCN-VP-00176,tlazcāmati,,,19,2,2,0,0.4,"[19, 27]"
FCN-VP-00177,yālhuaya,,,19,2,2,0,0.4,"[19, 26]"
FCN-VP-00178,-huan,Used to form the plural of animate nouns in the possessive form.,suffix,20,2,2,1,0.9,"[20, 23]"
FCN-VP-00179,cintli,corncob,noun,21,2,2,1,0.9,"[21, 22]"
FCN-VP-00180,cualcan,,,21,2,2,0,0.4,"[21, 24]"
FCN-VP-00181,exchange,,,21,2,2,0,0.4,"[21, 27]"
FCN-VP-00182,macehualli,a commoner; a subject; a vassal,noun,21,2,2,1,0.9,"[21, 22]"
FCN-VP-00183,mochihua,,,21,2,2,0,0.4,"[21, 22]"
FCN-VP-00184,petlayoh,,,21,2,2,0,0.4,"[21, 22]"
FCN-VP-00185,quemman,,,21,2,2,0,0.4,"[21, 22]"
FCN-VP-00186,quen,how (in what manner),adv,21,2,2,1,0.9,"[21, 24]"
FCN-VP-00187,tihuallauh,,,21,2,2,0,0.4,"[21, 22]"
FCN-VP-00188,tiquixmati,,,21,2,2,0,0.4,"[21, 29]"
FCN-VP-00189,tlacatl,"a person, a human being",noun,21,2,2,1,0.9,"[21, 22]"
FCN-VP-00190,tlahtolpamitl,,,21,2,2,0,0.4,"[21, 26]"
FCN-VP-00191,xihuitl,year,noun,21,2,2,1,0.9,"[21, 22]"
FCN-VP-00192,xinachtli,Seed.,noun,21,2,2,1,0.9,"[21, 22]"
FCN-VP-00193,axcualli,,,22,2,2,0,0.4,"[22, 31]"
FCN-VP-00194,chicōntēpec,,,22,2,2,0,0.4,"[22, 27]"
FCN-VP-00195,huasteca,,,22,2,2,0,0.4,"[22, 28]"
FCN-VP-00196,ilhuitl,Day.,noun,22,2,2,1,0.9,"[22, 24]"
FCN-VP-00197,quitequihuia,,,22,2,2,0,0.4,"[22, 31]"
FCN-VP-00198,tlamiya,,,22,2,2,0,0.4,"[22, 31]"
FCN-VP-00199,attached,,,23,2,2,0,0.4,"[23, 26]"
FCN-VP-00200,caltēnno,,,23,2,2,0,0.4,"[23, 31]"
FCN-VP-00201,quēnnopa,,,23,2,2,0,0.4,"[23, 31]"
FCN-VP-00202,tla-,Object prefix for verbs; it indicates that the object is non-human and indefinite.,prefix,23,2,2,1,0.9,"[23, 32]"
FCN-VP-00203,tē-,,,23,2,2,0,0.4,"[23, 32]"
FCN-VP-00204,īnacaztlan,,,23,2,2,0,0.4,"[23, 31]"
FCN-VP-00205,huāllaz,,,24,2,2,0,0.4,"[24, 26]"
FCN-VP-00206,huāllazceh,,,24,2,2,0,0.4,"[24, 25]"
FCN-VP-00207,tiitztozquiah,,,24,2,2,0,0.4,"[24, 30]"
FCN-VP-00208,tochān,,,24,2,2,0,0.4,"[24, 26]"
FCN-VP-00209,tēpahtihquetl,,,24,2,2,0,0.4,"[24, 31]"
FCN-VP-00210,whichever,,,24,2,2,0,0.4,"[24, 25]"
FCN-VP-00211,changes,,,25,2,2,0,0.4,"[25, 28]"
FCN-VP-00212,quiāmati,,,28,2,2,0,0.4,"[28, 32]"
FCN-VP-00213,cualāntli,,,29,2,2,0,0.4,"[29, 31]"
FCN-VP-00214,nēci,,,29,2,2,0,0.4,"[29, 31]"
FCN-VP-00215,-tozquia,,,30,2,2,0,0.4,"[30, 31]"
FCN-VP-00216,-zquia,,,30,2,2,0,0.4,"[30, 31]"
FCN-VP-00217,tozquia,,,30,2,2,0,0.4,"[30, 31]"
FCN-VP-00218,zquia,,,30,2,2,0,0.4,"[30, 31]"
FCN-VP-00219,atlas,,,1,1,1,0,0.4,[1]
FCN-VP-00220,blitz,,,1,1,1,0,0.4,[1]
FCN-VP-00221,cōhquī,,,1,1,1,0,0.4,[1]
FCN-VP-00222,cōuhqui,,,1,1,1,0,0.4,[1]
FCN-VP-00223,michel,,,1,1,1,0,0.4,[1]
FCN-VP-00224,particular,,,1,1,1,0,0.4,[1]
FCN-VP-00225,quest,,,1,1,1,0,0.4,[1]
FCN-VP-00226,such,,,1,1,1,0,0.4,[1]
FCN-VP-00227,tentzilincayotl,,,1,1,1,0,0.4,[1]
FCN-VP-00228,teuctli,Lord.,noun,1,1,1,1,0.9,[1]
FCN-VP-00229,tēktli,,,1,1,1,0,0.4,[1]
FCN-VP-00230,tēntlatzacuilcayōtl,,,1,1,1,0,0.4,[1]
FCN-VP-00231,tlamachtiliztli,,,2,1,1,0,0.4,[2]
FCN-VP-00232,totlahtlaniliz,,,2,1,1,0,0.4,[2]
FCN-VP-00233,totlahtol,first-person plural possessive singular of tlahtōlli; (it is) our language; way of speaking.,noun,2,1,1,1,0.9,[2]
FCN-VP-00234,-meh,Used to form the plural of absolutive noun forms ending in -tl or -tli.,suffix,3,1,1,1,0.9,[3]
FCN-VP-00235,axquipiya,,,3,1,1,0,0.4,[3]
FCN-VP-00236,caltlamachticān,,,3,1,1,0,0.4,[3]
FCN-VP-00237,chic,,,3,1,1,0,0.4,[3]
FCN-VP-00238,chocolates,,,3,1,1,0,0.4,[3]
FCN-VP-00239,chocolatl,"A drink with pulverized toasted cacao beans and water, described as cold and foamy. Sometimes fermented and sometimes as a thick drink. It can include a variety of additional ingredients (chili, bee honey, pochotl seeds, pulverized maize corn, vanilla seeds, and many others).",noun,3,1,1,1,0.9,[3]
FCN-VP-00240,cihuāmeh,,,3,1,1,0,0.4,[3]
FCN-VP-00241,comalmeh,,,3,1,1,0,0.4,[3]
FCN-VP-00242,current,,,3,1,1,0,0.4,[3]
FCN-VP-00243,hunter,,,3,1,1,0,0.4,[3]
FCN-VP-00244,incihuāmeh,,,3,1,1,0,0.4,[3]
FCN-VP-00245,inmācēhualmeh,,,3,1,1,0,0.4,[3]
FCN-VP-00246,machines,,,3,1,1,0,0.4,[3]
FCN-VP-00247,martin,,,3,1,1,0,0.4,[3]
FCN-VP-00248,motōcah,,,3,1,1,0,0.4,[3]
FCN-VP-00249,nimācēhualli,,,3,1,1,0,0.4,[3]
FCN-VP-00250,niāan,,,3,1,1,0,0.4,[3]
FCN-VP-00251,notōcah,,,3,1,1,0,0.4,[3]
FCN-VP-00252,ntepēc,,,3,1,1,0,0.4,[3]
FCN-VP-00253,occupation,,,3,1,1,0,0.4,[3]
FCN-VP-00254,tepōzmeh,,,3,1,1,0,0.4,[3]
FCN-VP-00255,ticihuāmeh,,,3,1,1,0,0.4,[3]
FCN-VP-00256,ticihuātl,,,3,1,1,0,0.4,[3]
FCN-VP-00257,timācēhualli,,,3,1,1,0,0.4,[3]
FCN-VP-00258,timācēhualmeh,,,3,1,1,0,0.4,[3]
FCN-VP-00259,tiēhua,,,3,1,1,0,0.4,[3]
FCN-VP-00260,tlatocaxtiliztli,noun.,noun,3,1,1,1,0.9,[3]
FCN-VP-00261,tlatzinpeuhquetl,,,3,1,1,0,0.4,[3]
FCN-VP-00262,tli,,,3,1,1,0,0.4,[3]
FCN-VP-00263,ahāhuilli,,,4,1,1,0,0.4,[4]
FCN-VP-00264,chalchocotl,,,4,1,1,0,0.4,[4]
FCN-VP-00265,chiucnahui,nine,num,4,1,1,1,0.9,[4]
FCN-VP-00266,cuamezah,,,4,1,1,0,0.4,[4]
FCN-VP-00267,cuaxilotl,obsolete spelling of kuaxilotl,noun,4,1,1,1,0.9,[4]
FCN-VP-00268,cēmpohualli,,,4,1,1,0,0.4,[4]
FCN-VP-00269,cōztic,,,4,1,1,0,0.4,[4]
FCN-VP-00270,etloc,,,4,1,1,0,0.4,[4]
FCN-VP-00271,ixnezcayotl,,,4,1,1,0,0.4,[4]
FCN-VP-00272,mācuilli,,,4,1,1,0,0.4,[4]
FCN-VP-00273,niquitta,,,4,1,1,0,0.4,[4]
FCN-VP-00274,quēzqui,,,4,1,1,0,0.4,[4]
FCN-VP-00275,tiquitta,,,4,1,1,0,0.4,[4]
FCN-VP-00276,tlicolli,,,4,1,1,0,0.4,[4]
FCN-VP-00277,tēcciztli,,,4,1,1,0,0.4,[4]
FCN-VP-00278,xicnanquili,,,4,1,1,0,0.4,[4]
FCN-VP-00279,āchīlcōz,,,4,1,1,0,0.4,[4]
FCN-VP-00280,āmoxtli,,,4,1,1,0,0.4,[4]
FCN-VP-00281,īixnēzca,,,4,1,1,0,0.4,[4]
FCN-VP-00282,īxcopincayōtl,,,4,1,1,0,0.4,[4]
FCN-VP-00283,īxnēzcayōtl,,,4,1,1,0,0.4,[4]
FCN-VP-00284,īīxnezca,,,4,1,1,0,0.4,[4]
FCN-VP-00285,ōmpōhualli,,,4,1,1,0,0.4,[4]
FCN-VP-00286,-hquetl,,,5,1,1,0,0.4,[5]
FCN-VP-00287,colatl,,,5,1,1,0,0.4,[5]
FCN-VP-00288,inmomachtianih,,,5,1,1,0,0.4,[5]
FCN-VP-00289,intlachpānanih,,,5,1,1,0,0.4,[5]
FCN-VP-00290,momachtia,,,5,1,1,0,0.4,[5]
FCN-VP-00291,momachtihquetl,,,5,1,1,0,0.4,[5]
FCN-VP-00292,mītzpolohua,,,5,1,1,0,0.4,[5]
FCN-VP-00293,nimomachtihquetl,,,5,1,1,0,0.4,[5]
FCN-VP-00294,nitlachpānquetl,,,5,1,1,0,0.4,[5]
FCN-VP-00295,teachers,,,5,1,1,0,0.4,[5]
FCN-VP-00296,timomachtianih,,,5,1,1,0,0.4,[5]
FCN-VP-00297,timomachtihquetl,,,5,1,1,0,0.4,[5]
FCN-VP-00298,titlachpānanih,,,5,1,1,0,0.4,[5]
FCN-VP-00299,titlachpānquetl,,,5,1,1,0,0.4,[5]
FCN-VP-00300,titles,,,5,1,1,0,0.4,[5]
FCN-VP-00301,tlachpana,,,5,1,1,0,0.4,[5]
FCN-VP-00302,tlachpanānih,,,5,1,1,0,0.4,[5]
FCN-VP-00303,tlachpānanih,,,5,1,1,0,0.4,[5]
FCN-VP-00304,tlachpānquetl,,,5,1,1,0,0.4,[5]
FCN-VP-00305,tlamachtia,,,5,1,1,0,0.4,[5]
FCN-VP-00306,tlamachtianih,,,5,1,1,0,0.4,[5]
FCN-VP-00307,tlamachtihquetl,teacher.,noun,5,1,1,1,0.9,[5]
FCN-VP-00308,xōchipitzāhuatl,,,5,1,1,0,0.4,[5]
FCN-VP-00309,nicōchi,,,6,1,1,0,0.4,[6]
FCN-VP-00310,ēhua,,,6,1,1,0,0.4,[6]
FCN-VP-00311,chocolātl,,,7,1,1,0,0.4,[7]
FCN-VP-00312,choose,,,7,1,1,0,0.4,[7]
FCN-VP-00313,chāntequitl,,,7,1,1,0,0.4,[7]
FCN-VP-00314,cquiya,,,7,1,1,0,0.4,[7]
FCN-VP-00315,huaya,,,7,1,1,0,0.4,[7]
FCN-VP-00316,mocuapaz,,,7,1,1,0,0.4,[7]
FCN-VP-00317,motlancochpahpāca,,,7,1,1,0,0.4,[7]
FCN-VP-00318,mīxxamia,,,7,1,1,0,0.4,[7]
FCN-VP-00319,nelyāhuatzinco,,,7,1,1,0,0.4,[7]
FCN-VP-00320,nicchīhua,,,7,1,1,0,0.4,[7]
FCN-VP-00321,niccuā,,,7,1,1,0,0.4,[7]
FCN-VP-00322,nicōni,,,7,1,1,0,0.4,[7]
FCN-VP-00323,nitlami,,,7,1,1,0,0.4,[7]
FCN-VP-00324,quimatiz,,,7,1,1,0,0.4,[7]
FCN-VP-00325,quitehtequi,,,7,1,1,0,0.4,[7]
FCN-VP-00326,quitzoyōnia,,,7,1,1,0,0.4,[7]
FCN-VP-00327,tlahcōtona,,,7,1,1,0,0.4,[7]
FCN-VP-00328,tlapoyauhcan,,,7,1,1,0,0.4,[7]
FCN-VP-00329,tlayo,,,7,1,1,0,0.4,[7]
FCN-VP-00330,īcafen,,,7,1,1,0,0.4,[7]
FCN-VP-00331,children,,,8,1,1,0,0.4,[8]
FCN-VP-00332,hua,,,8,1,1,0,0.4,[8]
FCN-VP-00333,hurts,,,8,1,1,0,0.4,[8]
FCN-VP-00334,momāquilih,,,8,1,1,0,0.4,[8]
FCN-VP-00335,noconēhuan,,,8,1,1,0,0.4,[8]
FCN-VP-00336,nopitzohuan,,,8,1,1,0,0.4,[8]
FCN-VP-00337,quicuāh,,,8,1,1,0,0.4,[8]
FCN-VP-00338,ticcui,,,8,1,1,0,0.4,[8]
FCN-VP-00339,titlacuāh,,,8,1,1,0,0.4,[8]
FCN-VP-00340,toquechcuayo,,,8,1,1,0,0.4,[8]
FCN-VP-00341,totlācayo,,,8,1,1,0,0.4,[8]
FCN-VP-00342,yohuih,,,8,1,1,0,0.4,[8]
FCN-VP-00343,īicxi,,,8,1,1,0,0.4,[8]
FCN-VP-00344,īixco,,,8,1,1,0,0.4,[8]
FCN-VP-00345,ininchochohuan,,,9,1,1,0,0.4,[9]
FCN-VP-00346,ininicnihuan,,,9,1,1,0,0.4,[9]
FCN-VP-00347,ininmachicnihuan,,,9,1,1,0,0.4,[9]
FCN-VP-00348,inintlayihuan,,,9,1,1,0,0.4,[9]
FCN-VP-00349,inmochochohuan,,,9,1,1,0,0.4,[9]
FCN-VP-00350,inmoicnihuan,,,9,1,1,0,0.4,[9]
FCN-VP-00351,inmomachicnihuan,,,9,1,1,0,0.4,[9]
FCN-VP-00352,inmotlayihuan,,,9,1,1,0,0.4,[9]
FCN-VP-00353,mochocho,,,9,1,1,0,0.4,[9]
FCN-VP-00354,mochochohuan,,,9,1,1,0,0.4,[9]
FCN-VP-00355,moicnihuan,,,9,1,1,0,0.4,[9]
FCN-VP-00356,momachicniuh,,,9,1,1,0,0.4,[9]
FCN-VP-00357,momimihuan,,,9,1,1,0,0.4,[9]
FCN-VP-00358,mopipihuan,,,9,1,1,0,0.4,[9]
FCN-VP-00359,motatahhuan,,,9,1,1,0,0.4,[9]
FCN-VP-00360,mototatahhuan,,,9,1,1,0,0.4,[9]
FCN-VP-00361,quipiyah,,,9,1,1,0,0.4,[9]
FCN-VP-00362,quēniuhquin,,,9,1,1,0,0.4,[9]
FCN-VP-00363,search,,,9,1,1,0,0.4,[9]
FCN-VP-00364,tochochohuan,,,9,1,1,0,0.4,[9]
FCN-VP-00365,toicnihuan,,,9,1,1,0,0.4,[9]
FCN-VP-00366,tomachicnihuan,,,9,1,1,0,0.4,[9]
FCN-VP-00367,īicniuh,,,9,1,1,0,0.4,[9]
FCN-VP-00368,īmachicniuh,,,9,1,1,0,0.4,[9]
FCN-VP-00369,chocoxtic,,,10,1,1,0,0.4,[10]
FCN-VP-00370,echcapantzin,,,10,1,1,0,0.4,[10]
FCN-VP-00371,huehueyac,long.,adj,10,1,1,1,0.9,[10]
FCN-VP-00372,motlachiyaliz,,,10,1,1,0,0.4,[10]
FCN-VP-00373,niechcapantzin,,,10,1,1,0,0.4,[10]
FCN-VP-00374,nihuahcapantic,,,10,1,1,0,0.4,[10]
FCN-VP-00375,nitomāhuac,,,10,1,1,0,0.4,[10]
FCN-VP-00376,noīxnēzca,,,10,1,1,0,0.4,[10]
FCN-VP-00377,noīxtiyōl,,,10,1,1,0,0.4,[10]
FCN-VP-00378,totlachiyaliz,,,10,1,1,0,0.4,[10]
FCN-VP-00379,tzoncal,,,10,1,1,0,0.4,[10]
FCN-VP-00380,xiquiihtoa,,,10,1,1,0,0.4,[10]
FCN-VP-00381,xochitl,flower,noun,10,1,1,1,0.9,[10]
FCN-VP-00382,xochitl’s,,,10,1,1,0,0.4,[10]
FCN-VP-00383,yancuīc,,,10,1,1,0,0.4,[10]
FCN-VP-00384,yayahuīc,,,10,1,1,0,0.4,[10]
FCN-VP-00385,ītlachiyaliz,,,10,1,1,0,0.4,[10]
FCN-VP-00386,ītzoncal,,,10,1,1,0,0.4,[10]
FCN-VP-00387,īxtiyol,,,10,1,1,0,0.4,[10]
FCN-VP-00388,īxtiyōl,,,10,1,1,0,0.4,[10]
FCN-VP-00389,īīxtiyōl,,,10,1,1,0,0.4,[10]
FCN-VP-00390,inquichīhuah,,,11,1,1,0,0.4,[11]
FCN-VP-00391,motlahpaloah,,,11,1,1,0,0.4,[11]
FCN-VP-00392,nicnequi,,,11,1,1,0,0.4,[11]
FCN-VP-00393,nihueliz,,,11,1,1,0,0.4,[11]
FCN-VP-00394,nimociahcahua,,,11,1,1,0,0.4,[11]
FCN-VP-00395,niquittati,,,11,1,1,0,0.4,[11]
FCN-VP-00396,niquittaz,,,11,1,1,0,0.4,[11]
FCN-VP-00397,niyōhua,,,11,1,1,0,0.4,[11]
FCN-VP-00398,noichpōcauh,,,11,1,1,0,0.4,[11]
FCN-VP-00399,quihtoa,,,11,1,1,0,0.4,[11]
FCN-VP-00400,quiillia,,,11,1,1,0,0.4,[11]
FCN-VP-00401,quināhuatihtēhua,,,11,1,1,0,0.4,[11]
FCN-VP-00402,ticchīhuaz,,,11,1,1,0,0.4,[11]
FCN-VP-00403,timociahcāhua,,,11,1,1,0,0.4,[11]
FCN-VP-00404,tinēchpalehuia,,,11,1,1,0,0.4,[11]
FCN-VP-00405,titlahtzomah,,,11,1,1,0,0.4,[11]
FCN-VP-00406,titlanānquilia,,,11,1,1,0,0.4,[11]
FCN-VP-00407,tlahtlanliztli,,,11,1,1,0,0.4,[11]
FCN-VP-00408,tlanānquilia,,,11,1,1,0,0.4,[11]
FCN-VP-00409,tēnāhuatihtēhua,,,11,1,1,0,0.4,[11]
FCN-VP-00410,ācahya,,,11,1,1,0,0.4,[11]
FCN-VP-00411,ahāhuitiliztli,,,12,1,1,0,0.4,[12]
FCN-VP-00412,ichocho,,,12,1,1,0,0.4,[12]
FCN-VP-00413,intequitizceh,,,12,1,1,0,0.4,[12]
FCN-VP-00414,ixcacuatitlan,,,12,1,1,0,0.4,[12]
FCN-VP-00415,mihtōtiz,,,12,1,1,0,0.4,[12]
FCN-VP-00416,motlaloz,,,12,1,1,0,0.4,[12]
FCN-VP-00417,māltizceh,,,12,1,1,0,0.4,[12]
FCN-VP-00418,nimopatlaz,,,12,1,1,0,0.4,[12]
FCN-VP-00419,nimēhuaz,,,12,1,1,0,0.4,[12]
FCN-VP-00420,nitlacuāz,,,12,1,1,0,0.4,[12]
FCN-VP-00421,tequitizceh,,,12,1,1,0,0.4,[12]
FCN-VP-00422,timotlalozceh,,,12,1,1,0,0.4,[12]
FCN-VP-00423,titequitiz,,,12,1,1,0,0.4,[12]
FCN-VP-00424,titequitizceh,,,12,1,1,0,0.4,[12]
FCN-VP-00425,tiyāzceh,,,12,1,1,0,0.4,[12]
FCN-VP-00426,tlachpanāzceh,,,12,1,1,0,0.4,[12]
FCN-VP-00427,tlahtolāamitl,,,12,1,1,0,0.4,[12]
FCN-VP-00428,ahachica,,,13,1,1,0,0.4,[13]
FCN-VP-00429,cacalicān,,,13,1,1,0,0.4,[13]
FCN-VP-00430,check,,,13,1,1,0,0.4,[13]
FCN-VP-00431,child,,,13,1,1,0,0.4,[13]
FCN-VP-00432,inihhuantin,,,13,1,1,0,0.4,[13]
FCN-VP-00433,inmoconēuh,,,13,1,1,0,0.4,[13]
FCN-VP-00434,inmohuantin,,,13,1,1,0,0.4,[13]
FCN-VP-00435,inquimāquiliah,,,13,1,1,0,0.4,[13]
FCN-VP-00436,mitz,,,13,1,1,0,0.4,[13]
FCN-VP-00437,nech,,,13,1,1,0,0.4,[13]
FCN-VP-00438,nēchmācah,,,13,1,1,0,0.4,[13]
FCN-VP-00439,quin,,,13,1,1,0,0.4,[13]
FCN-VP-00440,quitequih,,,13,1,1,0,0.4,[13]
FCN-VP-00441,tech,,,13,1,1,0,0.4,[13]
FCN-VP-00442,ticōnih,,,13,1,1,0,0.4,[13]
FCN-VP-00443,timītzittah,,,13,1,1,0,0.4,[13]
FCN-VP-00444,titlamih,,,13,1,1,0,0.4,[13]
FCN-VP-00445,tiyāuh,,,13,1,1,0,0.4,[13]
FCN-VP-00446,tēchmāca,,,13,1,1,0,0.4,[13]
FCN-VP-00447,īmacheteh,,,13,1,1,0,0.4,[13]
FCN-VP-00448,īmorral,,,13,1,1,0,0.4,[13]
FCN-VP-00449,ītzonecahuil,,,13,1,1,0,0.4,[13]
FCN-VP-00450,īāuh,,,13,1,1,0,0.4,[13]
FCN-VP-00451,-queh,Used to form the plural of absolutive noun forms.,suffix,15,1,1,1,0.9,[15]
FCN-VP-00452,huelqueh,,,15,1,1,0,0.4,[15]
FCN-VP-00453,huelqui,,,15,1,1,0,0.4,[15]
FCN-VP-00454,innehnenqueh,,,15,1,1,0,0.4,[15]
FCN-VP-00455,inquiahcoucqueh,,,15,1,1,0,0.4,[15]
FCN-VP-00456,inquicōuhqueh,,,15,1,1,0,0.4,[15]
FCN-VP-00457,inquihuelqueh,,,15,1,1,0,0.4,[15]
FCN-VP-00458,inquipixqueh,,,15,1,1,0,0.4,[15]
FCN-VP-00459,inquitecqueh,,,15,1,1,0,0.4,[15]
FCN-VP-00460,inquitōcqueh,,,15,1,1,0,0.4,[15]
FCN-VP-00461,inquīzqueh,,,15,1,1,0,0.4,[15]
FCN-VP-00462,intizqueh,,,15,1,1,0,0.4,[15]
FCN-VP-00463,nehnenqui,,,15,1,1,0,0.4,[15]
FCN-VP-00464,nicahcocui,,,15,1,1,0,0.4,[15]
FCN-VP-00465,nicahcoucqui,,,15,1,1,0,0.4,[15]
FCN-VP-00466,niccōhua,,,15,1,1,0,0.4,[15]
FCN-VP-00467,nictōcqui,,,15,1,1,0,0.4,[15]
FCN-VP-00468,quiahcoucqueh,,,15,1,1,0,0.4,[15]
FCN-VP-00469,quiahcoucqui,,,15,1,1,0,0.4,[15]
FCN-VP-00470,quicōuhqueh,,,15,1,1,0,0.4,[15]
FCN-VP-00471,quicōuhqui,,,15,1,1,0,0.4,[15]
FCN-VP-00472,quipixqueh,,,15,1,1,0,0.4,[15]
FCN-VP-00473,quipixqui,,,15,1,1,0,0.4,[15]
FCN-VP-00474,quitecqueh,,,15,1,1,0,0.4,[15]
FCN-VP-00475,quitecqui,,,15,1,1,0,0.4,[15]
FCN-VP-00476,quitōcqueh,,,15,1,1,0,0.4,[15]
FCN-VP-00477,quitōcqui,,,15,1,1,0,0.4,[15]
FCN-VP-00478,ticahcoucqueh,,,15,1,1,0,0.4,[15]
FCN-VP-00479,ticahcoucqui,,,15,1,1,0,0.4,[15]
FCN-VP-00480,ticcōuhqueh,,,15,1,1,0,0.4,[15]
FCN-VP-00481,ticcōuhqui,,,15,1,1,0,0.4,[15]
FCN-VP-00482,ticpixqueh,,,15,1,1,0,0.4,[15]
FCN-VP-00483,ticpixqui,,,15,1,1,0,0.4,[15]
FCN-VP-00484,tictecqueh,,,15,1,1,0,0.4,[15]
FCN-VP-00485,tictecqui,,,15,1,1,0,0.4,[15]
FCN-VP-00486,tictōcqueh,,,15,1,1,0,0.4,[15]
FCN-VP-00487,tictōcqui,,,15,1,1,0,0.4,[15]
FCN-VP-00488,tihuelqueh,,,15,1,1,0,0.4,[15]
FCN-VP-00489,tihuelqui,,,15,1,1,0,0.4,[15]
FCN-VP-00490,tiquizqueh,,,15,1,1,0,0.4,[15]
FCN-VP-00491,titizqui,,,15,1,1,0,0.4,[15]
FCN-VP-00492,tizqueh,,,15,1,1,0,0.4,[15]
FCN-VP-00493,tizqui,,,15,1,1,0,0.4,[15]
FCN-VP-00494,-hqueh,,,16,1,1,0,0.4,[16]
FCN-VP-00495,-hqui,,,16,1,1,0,0.4,[16]
FCN-VP-00496,choloh,third-person singular preterite indicative of choloa,verb,16,1,1,1,0.9,[16]
FCN-VP-00497,cholohqueh,third-person plural preterite indicative of choloa,verb,16,1,1,1,0.9,[16]
FCN-VP-00498,cholohqui,,,16,1,1,0,0.4,[16]
FCN-VP-00499,cuamachilia,,,16,1,1,0,0.4,[16]
FCN-VP-00500,hqueh,,,16,1,1,0,0.4,[16]
FCN-VP-00501,hqui,,,16,1,1,0,0.4,[16]
FCN-VP-00502,incholohqueh,,,16,1,1,0,0.4,[16]
FCN-VP-00503,inquillihqueh,,,16,1,1,0,0.4,[16]
FCN-VP-00504,inquimachtihqueh,,,16,1,1,0,0.4,[16]
FCN-VP-00505,inquimāmāhqueh,,,16,1,1,0,0.4,[16]
FCN-VP-00506,inquimāquilihqueh,,,16,1,1,0,0.4,[16]
FCN-VP-00507,inquitohqueh,,,16,1,1,0,0.4,[16]
FCN-VP-00508,intlacuāhqueh,,,16,1,1,0,0.4,[16]
FCN-VP-00509,lōtlamaliztli,,,16,1,1,0,0.4,[16]
FCN-VP-00510,quihtoh,,,16,1,1,0,0.4,[16]
FCN-VP-00511,quihtohqueh,,,16,1,1,0,0.4,[16]
FCN-VP-00512,quihtohqui,,,16,1,1,0,0.4,[16]
FCN-VP-00513,quillih,,,16,1,1,0,0.4,[16]
FCN-VP-00514,quillihqueh,,,16,1,1,0,0.4,[16]
FCN-VP-00515,quillihqui,,,16,1,1,0,0.4,[16]
FCN-VP-00516,quimachtih,,,16,1,1,0,0.4,[16]
FCN-VP-00517,quimachtihqueh,,,16,1,1,0,0.4,[16]
FCN-VP-00518,quimachtihqui,,,16,1,1,0,0.4,[16]
FCN-VP-00519,quimaquilih,,,16,1,1,0,0.4,[16]
FCN-VP-00520,quimāmāhqueh,,,16,1,1,0,0.4,[16]
FCN-VP-00521,quimāmāhqui,,,16,1,1,0,0.4,[16]
FCN-VP-00522,quimāquilihqueh,,,16,1,1,0,0.4,[16]
FCN-VP-00523,quimāquilihqui,,,16,1,1,0,0.4,[16]
FCN-VP-00524,ticholoh,second-person singular preterite indicative of choloa,verb,16,1,1,1,0.9,[16]
FCN-VP-00525,ticholohqueh,first-person plural preterite indicative of choloa,verb,16,1,1,1,0.9,[16]
FCN-VP-00526,ticholohqui,,,16,1,1,0,0.4,[16]
FCN-VP-00527,ticmachtih,,,16,1,1,0,0.4,[16]
FCN-VP-00528,ticmachtihqui,,,16,1,1,0,0.4,[16]
FCN-VP-00529,ticmaquilih,,,16,1,1,0,0.4,[16]
FCN-VP-00530,ticmāmāhqueh,,,16,1,1,0,0.4,[16]
FCN-VP-00531,ticmāmāhqui,,,16,1,1,0,0.4,[16]
FCN-VP-00532,ticmāquilihqueh,,,16,1,1,0,0.4,[16]
FCN-VP-00533,ticmāquilihqui,,,16,1,1,0,0.4,[16]
FCN-VP-00534,tiquihtoh,,,16,1,1,0,0.4,[16]
FCN-VP-00535,tiquihtohqueh,,,16,1,1,0,0.4,[16]
FCN-VP-00536,tiquihtohqui,,,16,1,1,0,0.4,[16]
FCN-VP-00537,tiquillih,,,16,1,1,0,0.4,[16]
FCN-VP-00538,tiquillihqueh,,,16,1,1,0,0.4,[16]
FCN-VP-00539,tiquillihqui,,,16,1,1,0,0.4,[16]
FCN-VP-00540,tiquimachtihqueh,,,16,1,1,0,0.4,[16]
FCN-VP-00541,tlaxcaloa,to make tortillas,verb,16,1,1,1,0.9,[16]
FCN-VP-00542,match,,,17,1,1,0,0.4,[17]
FCN-VP-00543,monāmaca,,,17,1,1,0,0.4,[17]
FCN-VP-00544,motehtequi,,,17,1,1,0,0.4,[17]
FCN-VP-00545,motlaloa,,,17,1,1,0,0.4,[17]
FCN-VP-00546,motlamāca,,,17,1,1,0,0.4,[17]
FCN-VP-00547,moxilhuia,,,17,1,1,0,0.4,[17]
FCN-VP-00548,occurring,,,17,1,1,0,0.4,[17]
FCN-VP-00549,timoxilhuiah,,,17,1,1,0,0.4,[17]
FCN-VP-00550,tlahtolpāmeh,,,17,1,1,0,0.4,[17]
FCN-VP-00551,camohtli,"the edible tuber of the sweet potato plant, Ipomoea batatas",noun,18,1,1,1,0.9,[18]
FCN-VP-00552,chacahrroh,,,18,1,1,0,0.4,[18]
FCN-VP-00553,chi,,,18,1,1,0,0.4,[18]
FCN-VP-00554,ltlacualli,,,18,1,1,0,0.4,[18]
FCN-VP-00555,momachilia,,,18,1,1,0,0.4,[18]
FCN-VP-00556,nicchīhuaz,,,18,1,1,0,0.4,[18]
FCN-VP-00557,niccuāz,,,18,1,1,0,0.4,[18]
FCN-VP-00558,nicāmati,,,18,1,1,0,0.4,[18]
FCN-VP-00559,quesadilla,,,18,1,1,0,0.4,[18]
FCN-VP-00560,ticachilia,,,18,1,1,0,0.4,[18]
FCN-VP-00561,tlaneuccalaquilli,,,18,1,1,0,0.4,[18]
FCN-VP-00562,totōnic,,,18,1,1,0,0.4,[18]
FCN-VP-00563,tēntlazcayōtl,,,18,1,1,0,0.4,[18]
FCN-VP-00564,xamitl,adobe,noun,18,1,1,1,0.9,[18]
FCN-VP-00565,yamaxtli,,,18,1,1,0,0.4,[18]
FCN-VP-00566,īahhuiyāca,,,18,1,1,0,0.4,[18]
FCN-VP-00567,achiyoc,,,19,1,1,0,0.4,[19]
FCN-VP-00568,ahhuiac,,,19,1,1,0,0.4,[19]
FCN-VP-00569,cān,,,19,1,1,0,0.4,[19]
FCN-VP-00570,etlātzoyo,,,19,1,1,0,0.4,[19]
FCN-VP-00571,inquicuāzceh,,,19,1,1,0,0.4,[19]
FCN-VP-00572,inquinequih,,,19,1,1,0,0.4,[19]
FCN-VP-00573,inquinequizceh,,,19,1,1,0,0.4,[19]
FCN-VP-00574,mocacatzoz,,,19,1,1,0,0.4,[19]
FCN-VP-00575,motēmilia,,,19,1,1,0,0.4,[19]
FCN-VP-00576,moyēctiz,,,19,1,1,0,0.4,[19]
FCN-VP-00577,nimatzin,,,19,1,1,0,0.4,[19]
FCN-VP-00578,ntli,,,19,1,1,0,0.4,[19]
FCN-VP-00579,pilaltepetzin,,,19,1,1,0,0.4,[19]
FCN-VP-00580,pilaltepētzin,,,19,1,1,0,0.4,[19]
FCN-VP-00581,quimanah,,,19,1,1,0,0.4,[19]
FCN-VP-00582,quitemiliah,,,19,1,1,0,0.4,[19]
FCN-VP-00583,quīzacān,,,19,1,1,0,0.4,[19]
FCN-VP-00584,ticchīuhqui,,,19,1,1,0,0.4,[19]
FCN-VP-00585,ticcuahqui,,,19,1,1,0,0.4,[19]
FCN-VP-00586,ticcualtlalihqui,,,19,1,1,0,0.4,[19]
FCN-VP-00587,ticcuāzceh,,,19,1,1,0,0.4,[19]
FCN-VP-00588,ticmānazceh,,,19,1,1,0,0.4,[19]
FCN-VP-00589,ticpahpācazceh,,,19,1,1,0,0.4,[19]
FCN-VP-00590,ticpōhuazceh,,,19,1,1,0,0.4,[19]
FCN-VP-00591,tictehtequizceh,,,19,1,1,0,0.4,[19]
FCN-VP-00592,tictēmazceh,,,19,1,1,0,0.4,[19]
FCN-VP-00593,tictēmilizceh,,,19,1,1,0,0.4,[19]
FCN-VP-00594,tictēquilizceh,,,19,1,1,0,0.4,[19]
FCN-VP-00595,tiquīzacān,,,19,1,1,0,0.4,[19]
FCN-VP-00596,tlacualpahmeh,,,19,1,1,0,0.4,[19]
FCN-VP-00597,tlanehnehuilli,,,19,1,1,0,0.4,[19]
FCN-VP-00598,tomatlahuātzantli,,,19,1,1,0,0.4,[19]
FCN-VP-00599,totōniya,,,19,1,1,0,0.4,[19]
FCN-VP-00600,tēntzcayōtl,,,19,1,1,0,0.4,[19]
FCN-VP-00601,ximālticān,,,19,1,1,0,0.4,[19]
FCN-VP-00602,zantiahātl,,,19,1,1,0,0.4,[19]
FCN-VP-00603,-hui,,,20,1,1,0,0.4,[20]
FCN-VP-00604,-tzin,"An honorific or caressive suffix; denotes fondness, respect, reverence or submission on behalf of the speaker.",suffix,20,1,1,1,0.9,[20]
FCN-VP-00605,-tzitzin,,,20,1,1,0,0.4,[20]
FCN-VP-00606,-uh,,,20,1,1,0,0.4,[20]
FCN-VP-00607,ininpilahuihuan,,,20,1,1,0,0.4,[20]
FCN-VP-00608,ininpilcinhuan,,,20,1,1,0,0.4,[20]
FCN-VP-00609,ininpilcuaxilouhuan,,,20,1,1,0,0.4,[20]
FCN-VP-00610,ininpilicxihuan,,,20,1,1,0,0.4,[20]
FCN-VP-00611,ininpiltonanahuan,,,20,1,1,0,0.4,[20]
FCN-VP-00612,ininpiltzipiuh,,,20,1,1,0,0.4,[20]
FCN-VP-00613,inmopilahuihuan,,,20,1,1,0,0.4,[20]
FCN-VP-00614,inmopilcinhuan,,,20,1,1,0,0.4,[20]
FCN-VP-00615,inmopilcuaxilouhuan,,,20,1,1,0,0.4,[20]
FCN-VP-00616,inmopilicxihuan,,,20,1,1,0,0.4,[20]
FCN-VP-00617,inmopiltonanahuan,,,20,1,1,0,0.4,[20]
FCN-VP-00618,inmopiltzipiuh,,,20,1,1,0,0.4,[20]
FCN-VP-00619,inpilchichitzitzin,,,20,1,1,0,0.4,[20]
FCN-VP-00620,inpilcihuātzitzin,,,20,1,1,0,0.4,[20]
FCN-VP-00621,inpilpapalotzitzin,,,20,1,1,0,0.4,[20]
FCN-VP-00622,inpilxilitzitzin,,,20,1,1,0,0.4,[20]
FCN-VP-00623,inpiyaltzitzin,,,20,1,1,0,0.4,[20]
FCN-VP-00624,ipilcuaxilouh,,,20,1,1,0,0.4,[20]
FCN-VP-00625,ipiltzipiuh,,,20,1,1,0,0.4,[20]
FCN-VP-00626,ipolahui,,,20,1,1,0,0.4,[20]
FCN-VP-00627,mopilahui,,,20,1,1,0,0.4,[20]
FCN-VP-00628,mopilcuaxilouh,,,20,1,1,0,0.4,[20]
FCN-VP-00629,mopiltzipiuh,,,20,1,1,0,0.4,[20]
FCN-VP-00630,nipilcihuātzin,,,20,1,1,0,0.4,[20]
FCN-VP-00631,tipilchichitzin,,,20,1,1,0,0.4,[20]
FCN-VP-00632,tipilcihuātzin,,,20,1,1,0,0.4,[20]
FCN-VP-00633,tipilcihuātzitzin,,,20,1,1,0,0.4,[20]
FCN-VP-00634,tipilpapalotzin,,,20,1,1,0,0.4,[20]
FCN-VP-00635,tipilxilitzin,,,20,1,1,0,0.4,[20]
FCN-VP-00636,titlapiyaltzin,,,20,1,1,0,0.4,[20]
FCN-VP-00637,topilahuihuan,,,20,1,1,0,0.4,[20]
FCN-VP-00638,topilcinhuan,,,20,1,1,0,0.4,[20]
FCN-VP-00639,topiltonanahuan,,,20,1,1,0,0.4,[20]
FCN-VP-00640,tzin,,,20,1,1,0,0.4,[20]
FCN-VP-00641,tzitzin,,,20,1,1,0,0.4,[20]
FCN-VP-00642,cequinon,,,21,1,1,0,0.4,[21]
FCN-VP-00643,chichimequetl,,,21,1,1,0,0.4,[21]
FCN-VP-00644,cuahuehhueloa,,,21,1,1,0,0.4,[21]
FCN-VP-00645,cuaquixtia,,,21,1,1,0,0.4,[21]
FCN-VP-00646,emecatl,,,21,1,1,0,0.4,[21]
FCN-VP-00647,huatl,,,21,1,1,0,0.4,[21]
FCN-VP-00648,huehuentzin,,,21,1,1,0,0.4,[21]
FCN-VP-00649,hueli,,,21,1,1,0,0.4,[21]
FCN-VP-00650,ipohual,season,noun,21,1,1,1,0.9,[21]
FCN-VP-00651,itequiuh,,,21,1,1,0,0.4,[21]
FCN-VP-00652,march,,,21,1,1,0,0.4,[21]
FCN-VP-00653,moaquechia,,,21,1,1,0,0.4,[21]
FCN-VP-00654,moaquechiz,,,21,1,1,0,0.4,[21]
FCN-VP-00655,mochihchihua,,,21,1,1,0,0.4,[21]
FCN-VP-00656,mocui,,,21,1,1,0,0.4,[21]
FCN-VP-00657,moquixtia,,,21,1,1,0,0.4,[21]
FCN-VP-00658,neletl,,,21,1,1,0,0.4,[21]
FCN-VP-00659,occurs,,,21,1,1,0,0.4,[21]
FCN-VP-00660,patzcalli,,,21,1,1,0,0.4,[21]
FCN-VP-00661,pilatzin,,,21,1,1,0,0.4,[21]
FCN-VP-00662,pilchiquitzin,,,21,1,1,0,0.4,[21]
FCN-VP-00663,pilcintzin,,,21,1,1,0,0.4,[21]
FCN-VP-00664,pilmolcatzin,,,21,1,1,0,0.4,[21]
FCN-VP-00665,pilpetlayoh,,,21,1,1,0,0.4,[21]
FCN-VP-00666,pilxinachtizn,,,21,1,1,0,0.4,[21]
FCN-VP-00667,pilxinachtzin,,,21,1,1,0,0.4,[21]
FCN-VP-00668,question,,,21,1,1,0,0.4,[21]
FCN-VP-00669,quicahua,,,21,1,1,0,0.4,[21]
FCN-VP-00670,quiquixtia,,,21,1,1,0,0.4,[21]
FCN-VP-00671,quitoca,,,21,1,1,0,0.4,[21]
FCN-VP-00672,quitocah,,,21,1,1,0,0.4,[21]
FCN-VP-00673,quizancehcotiliz,,,21,1,1,0,0.4,[21]
FCN-VP-00674,ticchihua,,,21,1,1,0,0.4,[21]
FCN-VP-00675,tiquittah,,,21,1,1,0,0.4,[21]
FCN-VP-00676,tlaaquechiliztli,,,21,1,1,0,0.4,[21]
FCN-VP-00677,tlapalli,something dyed,noun,21,1,1,1,0.9,[21]
FCN-VP-00678,tocaitl,Name.,noun,21,1,1,1,0.9,[21]
FCN-VP-00679,tocayotl,,,21,1,1,0,0.4,[21]
FCN-VP-00680,tonaletl,,,21,1,1,0,0.4,[21]
FCN-VP-00681,xitlananquilican,,,21,1,1,0,0.4,[21]
FCN-VP-00682,agricultural,,,22,1,1,0,0.4,[22]
FCN-VP-00683,atl,water,noun,22,1,1,1,0.9,[22]
FCN-VP-00684,axquihuica,,,22,1,1,0,0.4,[22]
FCN-VP-00685,cafeōni,,,22,1,1,0,0.4,[22]
FCN-VP-00686,caxtōlli,,,22,1,1,0,0.4,[22]
FCN-VP-00687,chaneh,"resident, citizen",noun,22,1,1,1,0.9,[22]
FCN-VP-00688,chiquihuitl,basket,noun,22,1,1,1,0.9,[22]
FCN-VP-00689,choice,,,22,1,1,0,0.4,[22]
FCN-VP-00690,chāneh,,,22,1,1,0,0.4,[22]
FCN-VP-00691,cihuatl,a woman.,noun,22,1,1,1,0.9,[22]
FCN-VP-00692,cochi,sleep,verb,22,1,1,1,0.9,[22]
FCN-VP-00693,conēmeh,,,22,1,1,0,0.4,[22]
FCN-VP-00694,cuachiquihuitl,,,22,1,1,0,0.4,[22]
FCN-VP-00695,cuahuitl,a shrub; tree or other woody plant.,noun,22,1,1,1,0.9,[22]
FCN-VP-00696,cuatlatōctli,,,22,1,1,0,0.4,[22]
FCN-VP-00697,cultivate,,,22,1,1,0,0.4,[22]
FCN-VP-00698,cutting,,,22,1,1,0,0.4,[22]
FCN-VP-00699,cāhuani,,,22,1,1,0,0.4,[22]
FCN-VP-00700,eltoqueh,,,22,1,1,0,0.4,[22]
FCN-VP-00701,etixtli,Dough made from ground beans.,noun,22,1,1,1,0.9,[22]
FCN-VP-00702,etlatzoyontli,,,22,1,1,0,0.4,[22]
FCN-VP-00703,etlāpanilli,,,22,1,1,0,0.4,[22]
FCN-VP-00704,huanquinon,,,22,1,1,0,0.4,[22]
FCN-VP-00705,huihcoltic,,,22,1,1,0,0.4,[22]
FCN-VP-00706,huinoh,,,22,1,1,0,0.4,[22]
FCN-VP-00707,husks,,,22,1,1,0,0.4,[22]
FCN-VP-00708,huāccā,,,22,1,1,0,0.4,[22]
FCN-VP-00709,iauh,,,22,1,1,0,0.4,[22]
FCN-VP-00710,ichan,"third-person singular possessive singular of chāntli; (at) his, her or its house; at (his, her or its) home.",noun,22,1,1,1,0.9,[22]
FCN-VP-00711,inacaztlan,,,22,1,1,0,0.4,[22]
FCN-VP-00712,ininconēhuan,,,22,1,1,0,0.4,[22]
FCN-VP-00713,ipilxinach,,,22,1,1,0,0.4,[22]
FCN-VP-00714,itlamiyah,,,22,1,1,0,0.4,[22]
FCN-VP-00715,itzonyo,,,22,1,1,0,0.4,[22]
FCN-VP-00716,iyācapan,,,22,1,1,0,0.4,[22]
FCN-VP-00717,iīxco,,,22,1,1,0,0.4,[22]
FCN-VP-00718,lunch,,,22,1,1,0,0.4,[22]
FCN-VP-00719,macheteh,,,22,1,1,0,0.4,[22]
FCN-VP-00720,machetes,,,22,1,1,0,0.4,[22]
FCN-VP-00721,metlatl,A slab-like grinding stone or mortar.,noun,22,1,1,1,0.9,[22]
FCN-VP-00722,millāh,,,22,1,1,0,0.4,[22]
FCN-VP-00723,mocahua,,,22,1,1,0,0.4,[22]
FCN-VP-00724,mocuapah,,,22,1,1,0,0.4,[22]
FCN-VP-00725,mocuāz,,,22,1,1,0,0.4,[22]
FCN-VP-00726,molōni,,,22,1,1,0,0.4,[22]
FCN-VP-00727,molōniya,,,22,1,1,0,0.4,[22]
FCN-VP-00728,molōnquiya,,,22,1,1,0,0.4,[22]
FCN-VP-00729,momachtitih,,,22,1,1,0,0.4,[22]
FCN-VP-00730,momolōnia,,,22,1,1,0,0.4,[22]
FCN-VP-00731,momāna,,,22,1,1,0,0.4,[22]
FCN-VP-00732,motepēxihuia,,,22,1,1,0,0.4,[22]
FCN-VP-00733,motequihuiah,,,22,1,1,0,0.4,[22]
FCN-VP-00734,motizqui,,,22,1,1,0,0.4,[22]
FCN-VP-00735,motlicomāna,,,22,1,1,0,0.4,[22]
FCN-VP-00736,motēquihuia,,,22,1,1,0,0.4,[22]
FCN-VP-00737,motēquilia,,,22,1,1,0,0.4,[22]
FCN-VP-00738,moxamānia,,,22,1,1,0,0.4,[22]
FCN-VP-00739,mozcalticān,,,22,1,1,0,0.4,[22]
FCN-VP-00740,mēztli,,,22,1,1,0,0.4,[22]
FCN-VP-00741,nehqueh,,,22,1,1,0,0.4,[22]
FCN-VP-00742,pilchachapaltzin,,,22,1,1,0,0.4,[22]
FCN-VP-00743,piltepōztzin,,,22,1,1,0,0.4,[22]
FCN-VP-00744,piltoctzitzin,,,22,1,1,0,0.4,[22]
FCN-VP-00745,pilxināchtzin,,,22,1,1,0,0.4,[22]
FCN-VP-00746,piquix,,,22,1,1,0,0.4,[22]
FCN-VP-00747,piquiz,,,22,1,1,0,0.4,[22]
FCN-VP-00748,pitzactzin,,,22,1,1,0,0.4,[22]
FCN-VP-00749,pixcōmitl,,,22,1,1,0,0.4,[22]
FCN-VP-00750,pātzcalli,,,22,1,1,0,0.4,[22]
FCN-VP-00751,pēhuah,,,22,1,1,0,0.4,[22]
FCN-VP-00752,quicafenmāca,,,22,1,1,0,0.4,[22]
FCN-VP-00753,quichihua,,,22,1,1,0,0.4,[22]
FCN-VP-00754,quichihuah,,,22,1,1,0,0.4,[22]
FCN-VP-00755,quicuic,,,22,1,1,0,0.4,[22]
FCN-VP-00756,quicuāzceh,,,22,1,1,0,0.4,[22]
FCN-VP-00757,quihuicaz,,,22,1,1,0,0.4,[22]
FCN-VP-00758,quihuīca,,,22,1,1,0,0.4,[22]
FCN-VP-00759,quiitzquizceh,,,22,1,1,0,0.4,[22]
FCN-VP-00760,quimehuaz,,,22,1,1,0,0.4,[22]
FCN-VP-00761,quimācuih,,,22,1,1,0,0.4,[22]
FCN-VP-00762,quimācuizceh,,,22,1,1,0,0.4,[22]
FCN-VP-00763,quimāmāh,,,22,1,1,0,0.4,[22]
FCN-VP-00764,quinequih,,,22,1,1,0,0.4,[22]
FCN-VP-00765,quinmaca,,,22,1,1,0,0.4,[22]
FCN-VP-00766,quinmahmāca,,,22,1,1,0,0.4,[22]
FCN-VP-00767,quipahpatlahuah,,,22,1,1,0,0.4,[22]
FCN-VP-00768,quipehpechtia,,,22,1,1,0,0.4,[22]
FCN-VP-00769,quipihuiah,,,22,1,1,0,0.4,[22]
FCN-VP-00770,quipiquih,,,22,1,1,0,0.4,[22]
FCN-VP-00771,quitehtequih,,,22,1,1,0,0.4,[22]
FCN-VP-00772,quitema,,,22,1,1,0,0.4,[22]
FCN-VP-00773,quitemaz,,,22,1,1,0,0.4,[22]
FCN-VP-00774,quitentiz,,,22,1,1,0,0.4,[22]
FCN-VP-00775,quitequihuiah,,,22,1,1,0,0.4,[22]
FCN-VP-00776,quitequiz,,,22,1,1,0,0.4,[22]
FCN-VP-00777,quitequizceh,,,22,1,1,0,0.4,[22]
FCN-VP-00778,quitlalhuiliah,,,22,1,1,0,0.4,[22]
FCN-VP-00779,quitocati,,,22,1,1,0,0.4,[22]
FCN-VP-00780,quitocaz,,,22,1,1,0,0.4,[22]
FCN-VP-00781,quitēmah,,,22,1,1,0,0.4,[22]
FCN-VP-00782,quitēntizceh,,,22,1,1,0,0.4,[22]
FCN-VP-00783,quitōcah,,,22,1,1,0,0.4,[22]
FCN-VP-00784,quixipehuaz,,,22,1,1,0,0.4,[22]
FCN-VP-00785,quixīpehuazceh,,,22,1,1,0,0.4,[22]
FCN-VP-00786,quiātiliah,,,22,1,1,0,0.4,[22]
FCN-VP-00787,quēnce,,,22,1,1,0,0.4,[22]
FCN-VP-00788,shucking,,,22,1,1,0,0.4,[22]
FCN-VP-00789,square,,,22,1,1,0,0.4,[22]
FCN-VP-00790,tepoztli,"hard, workable metal: iron; steel; copper",noun,22,1,1,1,0.9,[22]
FCN-VP-00791,tequitinih,,,22,1,1,0,0.4,[22]
FCN-VP-00792,ticamatizquia,,,22,1,1,0,0.4,[22]
FCN-VP-00793,ticcua,,,22,1,1,0,0.4,[22]
FCN-VP-00794,tilāhuac,,,22,1,1,0,0.4,[22]
FCN-VP-00795,tixtli,dough (food).,noun,22,1,1,1,0.9,[22]
FCN-VP-00796,tlacoyoniah,,,22,1,1,0,0.4,[22]
FCN-VP-00797,tlacuelolli,,,22,1,1,0,0.4,[22]
FCN-VP-00798,tlacuāliztli,,,22,1,1,0,0.4,[22]
FCN-VP-00799,tlacuālliztli,,,22,1,1,0,0.4,[22]
FCN-VP-00800,tlahcuiloliztli,,,22,1,1,0,0.4,[22]
FCN-VP-00801,tlaixhuitequiz,,,22,1,1,0,0.4,[22]
FCN-VP-00802,tlaixhuitequizceh,,,22,1,1,0,0.4,[22]
FCN-VP-00803,tlapohualiztli,divination.,noun,22,1,1,1,0.9,[22]
FCN-VP-00804,tlatentilli,,,22,1,1,0,0.4,[22]
FCN-VP-00805,tlatequiz,,,22,1,1,0,0.4,[22]
FCN-VP-00806,tlatoquiliztli,,,22,1,1,0,0.4,[22]
FCN-VP-00807,tlatōquiliztli,,,22,1,1,0,0.4,[22]
FCN-VP-00808,tlipitza,,,22,1,1,0,0.4,[22]
FCN-VP-00809,tlipītza,,,22,1,1,0,0.4,[22]
FCN-VP-00810,tlitl,fire.,noun,22,1,1,1,0.9,[22]
FCN-VP-00811,tzopelatl,soda (drink).,noun,22,1,1,1,0.9,[22]
FCN-VP-00812,tōcah,,,22,1,1,0,0.4,[22]
FCN-VP-00813,xōnacatl,,,22,1,1,0,0.4,[22]
FCN-VP-00814,yacahuitztic,,,22,1,1,0,0.4,[22]
FCN-VP-00815,yohuatzinco,,,22,1,1,0,0.4,[22]
FCN-VP-00816,yāzceh,,,22,1,1,0,0.4,[22]
FCN-VP-00817,zancualli,,,22,1,1,0,0.4,[22]
FCN-VP-00818,zancualliya,,,22,1,1,0,0.4,[22]
FCN-VP-00819,āhuacāizhuatl,,,22,1,1,0,0.4,[22]
FCN-VP-00820,īhuexca,,,22,1,1,0,0.4,[22]
FCN-VP-00821,īpuntal,,,22,1,1,0,0.4,[22]
FCN-VP-00822,ītētah,,,22,1,1,0,0.4,[22]
FCN-VP-00823,-cuitlapan,,,23,1,1,0,0.4,[23]
FCN-VP-00824,-cā,,,23,1,1,0,0.4,[23]
FCN-VP-00825,-huanya,,,23,1,1,0,0.4,[23]
FCN-VP-00826,-tech,,,23,1,1,0,0.4,[23]
FCN-VP-00827,-tlah,in a place abundant in or abounding with.,suffix,23,1,1,1,0.9,[23]
FCN-VP-00828,-tlan,"A locative suffix denoting adjacency or distance below: Under, around.",suffix,23,1,1,1,0.9,[23]
FCN-VP-00829,-tzintlan,,,23,1,1,0,0.4,[23]
FCN-VP-00830,-īxco,,,23,1,1,0,0.4,[23]
FCN-VP-00831,-īxpan,,,23,1,1,0,0.4,[23]
FCN-VP-00832,apachtitlan,,,23,1,1,0,0.4,[23]
FCN-VP-00833,cacalīcān,,,23,1,1,0,0.4,[23]
FCN-VP-00834,caltech,,,23,1,1,0,0.4,[23]
FCN-VP-00835,calīxpan,,,23,1,1,0,0.4,[23]
FCN-VP-00836,characterized,,,23,1,1,0,0.4,[23]
FCN-VP-00837,chipohtlah,,,23,1,1,0,0.4,[23]
FCN-VP-00838,cuatēnno,,,23,1,1,0,0.4,[23]
FCN-VP-00839,directly,,,23,1,1,0,0.4,[23]
FCN-VP-00840,huahca,then; at that time; next.,conj,23,1,1,1,0.9,[23]
FCN-VP-00841,icxitlan,,,23,1,1,0,0.4,[23]
FCN-VP-00842,inmo-,,,23,1,1,0,0.4,[23]
FCN-VP-00843,mancohtitlah,,,23,1,1,0,0.4,[23]
FCN-VP-00844,mancohtitlan,,,23,1,1,0,0.4,[23]
FCN-VP-00845,mecohtitlan,,,23,1,1,0,0.4,[23]
FCN-VP-00846,michoacān,,,23,1,1,0,0.4,[23]
FCN-VP-00847,mīltēnno,,,23,1,1,0,0.4,[23]
FCN-VP-00848,nacaztzintlan,,,23,1,1,0,0.4,[23]
FCN-VP-00849,nemahtli,,,23,1,1,0,0.4,[23]
FCN-VP-00850,nimomalacachoa,,,23,1,1,0,0.4,[23]
FCN-VP-00851,niquīza,,,23,1,1,0,0.4,[23]
FCN-VP-00852,nochān,,,23,1,1,0,0.4,[23]
FCN-VP-00853,nocuaīxpan,,,23,1,1,0,0.4,[23]
FCN-VP-00854,nocuitlapan,,,23,1,1,0,0.4,[23]
FCN-VP-00855,nohuahca,,,23,1,1,0,0.4,[23]
FCN-VP-00856,nonechca,,,23,1,1,0,0.4,[23]
FCN-VP-00857,notlahcotipan,,,23,1,1,0,0.4,[23]
FCN-VP-00858,noīcān,,,23,1,1,0,0.4,[23]
FCN-VP-00859,noīxpan,,,23,1,1,0,0.4,[23]
FCN-VP-00860,noīxtēnno,,,23,1,1,0,0.4,[23]
FCN-VP-00861,ohtli,path; road,noun,23,1,1,1,0.9,[23]
FCN-VP-00862,tepēīxco,,,23,1,1,0,0.4,[23]
FCN-VP-00863,teīxco,,,23,1,1,0,0.4,[23]
FCN-VP-00864,thus,,,23,1,1,0,0.4,[23]
FCN-VP-00865,tlamāyan,,,23,1,1,0,0.4,[23]
FCN-VP-00866,tlanempan,,,23,1,1,0,0.4,[23]
FCN-VP-00867,tlapan,,,23,1,1,0,0.4,[23]
FCN-VP-00868,tlapanico,,,23,1,1,0,0.4,[23]
FCN-VP-00869,tlapotexcān,,,23,1,1,0,0.4,[23]
FCN-VP-00870,tlapoyauhcān,,,23,1,1,0,0.4,[23]
FCN-VP-00871,totepōtzco,,,23,1,1,0,0.4,[23]
FCN-VP-00872,tzompan,,,23,1,1,0,0.4,[23]
FCN-VP-00873,tzonco,,,23,1,1,0,0.4,[23]
FCN-VP-00874,tēīxco,,,23,1,1,0,0.4,[23]
FCN-VP-00875,xitlāhuac,,,23,1,1,0,0.4,[23]
FCN-VP-00876,xōchihtlah,,,23,1,1,0,0.4,[23]
FCN-VP-00877,zacahtlan,,,23,1,1,0,0.4,[23]
FCN-VP-00878,ācatitlan,,,23,1,1,0,0.4,[23]
FCN-VP-00879,ātzālan,,,23,1,1,0,0.4,[23]
FCN-VP-00880,ātēnno,,,23,1,1,0,0.4,[23]
FCN-VP-00881,īca,,,23,1,1,0,0.4,[23]
FCN-VP-00882,īcān,,,23,1,1,0,0.4,[23]
FCN-VP-00883,īicxitzalan,,,23,1,1,0,0.4,[23]
FCN-VP-00884,īihtico,,,23,1,1,0,0.4,[23]
FCN-VP-00885,īinacaztlan,,,23,1,1,0,0.4,[23]
FCN-VP-00886,īxcanexcān,,,23,1,1,0,0.4,[23]
FCN-VP-00887,īxtlan,,,23,1,1,0,0.4,[23]
FCN-VP-00888,caltlamachtihcan,,,24,1,1,0,0.4,[24]
FCN-VP-00889,chicuēyiya,,,24,1,1,0,0.4,[24]
FCN-VP-00890,elizquia,,,24,1,1,0,0.4,[24]
FCN-VP-00891,elizquiah,,,24,1,1,0,0.4,[24]
FCN-VP-00892,elqui,,,24,1,1,0,0.4,[24]
FCN-VP-00893,huālla,,,24,1,1,0,0.4,[24]
FCN-VP-00894,huāllacān,,,24,1,1,0,0.4,[24]
FCN-VP-00895,huāllauh,,,24,1,1,0,0.4,[24]
FCN-VP-00896,huāllayaya,,,24,1,1,0,0.4,[24]
FCN-VP-00897,huāllayayah,,,24,1,1,0,0.4,[24]
FCN-VP-00898,huāllazquia,,,24,1,1,0,0.4,[24]
FCN-VP-00899,huāllazquiah,,,24,1,1,0,0.4,[24]
FCN-VP-00900,huāllohui,,,24,1,1,0,0.4,[24]
FCN-VP-00901,huāllohuih,,,24,1,1,0,0.4,[24]
FCN-VP-00902,ihhuiya,,,24,1,1,0,0.4,[24]
FCN-VP-00903,inelizquiah,,,24,1,1,0,0.4,[24]
FCN-VP-00904,inhuallazceh,,,24,1,1,0,0.4,[24]
FCN-VP-00905,inhuallazquiah,,,24,1,1,0,0.4,[24]
FCN-VP-00906,inhuāllahqueh,,,24,1,1,0,0.4,[24]
FCN-VP-00907,inhuāllayayah,,,24,1,1,0,0.4,[24]
FCN-VP-00908,inhuāllohuih,,,24,1,1,0,0.4,[24]
FCN-VP-00909,inihhuiah,,,24,1,1,0,0.4,[24]
FCN-VP-00910,initztoqueh,,,24,1,1,0,0.4,[24]
FCN-VP-00911,initztoyah,,,24,1,1,0,0.4,[24]
FCN-VP-00912,initztozceh,,,24,1,1,0,0.4,[24]
FCN-VP-00913,initztozquiah,,,24,1,1,0,0.4,[24]
FCN-VP-00914,inyohuih,,,24,1,1,0,0.4,[24]
FCN-VP-00915,inyohuiyayah,,,24,1,1,0,0.4,[24]
FCN-VP-00916,inyāhqueh,,,24,1,1,0,0.4,[24]
FCN-VP-00917,inyāzceh,,,24,1,1,0,0.4,[24]
FCN-VP-00918,inyāzquiah,,,24,1,1,0,0.4,[24]
FCN-VP-00919,itztozquia,,,24,1,1,0,0.4,[24]
FCN-VP-00920,itztozquiah,,,24,1,1,0,0.4,[24]
FCN-VP-00921,monechca,,,24,1,1,0,0.4,[24]
FCN-VP-00922,māhuiltia,,,24,1,1,0,0.4,[24]
FCN-VP-00923,niciauhtoc,,,24,1,1,0,0.4,[24]
FCN-VP-00924,nicualāntoc,,,24,1,1,0,0.4,[24]
FCN-VP-00925,nicueciuhtoc,,,24,1,1,0,0.4,[24]
FCN-VP-00926,nihuāllayaya,,,24,1,1,0,0.4,[24]
FCN-VP-00927,nihuāllazquia,,,24,1,1,0,0.4,[24]
FCN-VP-00928,niihhuiya,,,24,1,1,0,0.4,[24]
FCN-VP-00929,niitztozquia,,,24,1,1,0,0.4,[24]
FCN-VP-00930,niyohuiyaya,,,24,1,1,0,0.4,[24]
FCN-VP-00931,niyōlpactoc,,,24,1,1,0,0.4,[24]
FCN-VP-00932,noicnīhuan,,,24,1,1,0,0.4,[24]
FCN-VP-00933,notatahhuan,,,24,1,1,0,0.4,[24]
FCN-VP-00934,quicuāz,,,24,1,1,0,0.4,[24]
FCN-VP-00935,quiittati,,,24,1,1,0,0.4,[24]
FCN-VP-00936,quinequiyaya,,,24,1,1,0,0.4,[24]
FCN-VP-00937,quīniuhqui,,,24,1,1,0,0.4,[24]
FCN-VP-00938,quīzaz,,,24,1,1,0,0.4,[24]
FCN-VP-00939,tielizquia,,,24,1,1,0,0.4,[24]
FCN-VP-00940,tielizquiah,,,24,1,1,0,0.4,[24]
FCN-VP-00941,tihuallaz,,,24,1,1,0,0.4,[24]
FCN-VP-00942,tihuallazquia,,,24,1,1,0,0.4,[24]
FCN-VP-00943,tihuāllacān,,,24,1,1,0,0.4,[24]
FCN-VP-00944,tihuāllayaya,,,24,1,1,0,0.4,[24]
FCN-VP-00945,tihuāllayayah,,,24,1,1,0,0.4,[24]
FCN-VP-00946,tihuāllazceh,,,24,1,1,0,0.4,[24]
FCN-VP-00947,tihuāllazquiah,,,24,1,1,0,0.4,[24]
FCN-VP-00948,tiitztoc,,,24,1,1,0,0.4,[24]
FCN-VP-00949,tiitztozquia,,,24,1,1,0,0.4,[24]
FCN-VP-00950,titlacuāzceh,,,24,1,1,0,0.4,[24]
FCN-VP-00951,tiyohuiyaya,,,24,1,1,0,0.4,[24]
FCN-VP-00952,tiyohuiyayah,,,24,1,1,0,0.4,[24]
FCN-VP-00953,tiyāzquia,,,24,1,1,0,0.4,[24]
FCN-VP-00954,tiyāzquiah,,,24,1,1,0,0.4,[24]
FCN-VP-00955,tōctli,,,24,1,1,0,0.4,[24]
FCN-VP-00956,xihuallacan,,,24,1,1,0,0.4,[24]
FCN-VP-00957,xiyācān,,,24,1,1,0,0.4,[24]
FCN-VP-00958,yohuiyaya,,,24,1,1,0,0.4,[24]
FCN-VP-00959,yohuiyayah,,,24,1,1,0,0.4,[24]
FCN-VP-00960,yāhqui,,,24,1,1,0,0.4,[24]
FCN-VP-00961,yāuh,,,24,1,1,0,0.4,[24]
FCN-VP-00962,yāz,,,24,1,1,0,0.4,[24]
FCN-VP-00963,yāzquia,,,24,1,1,0,0.4,[24]
FCN-VP-00964,yāzquiah,,,24,1,1,0,0.4,[24]
FCN-VP-00965,īconēuh,,,24,1,1,0,0.4,[24]
FCN-VP-00966,īmachicnuh,,,24,1,1,0,0.4,[24]
FCN-VP-00967,īmīllah,,,24,1,1,0,0.4,[24]
FCN-VP-00968,ītatahhuan,,,24,1,1,0,0.4,[24]
FCN-VP-00969,ītequipoyohuan,,,24,1,1,0,0.4,[24]
FCN-VP-00970,alaxoxcuahuitl,,,25,1,1,0,0.4,[25]
FCN-VP-00971,alaxoxcuatinih,,,25,1,1,0,0.4,[25]
FCN-VP-00972,chair,,,25,1,1,0,0.4,[25]
FCN-VP-00973,chela,,,25,1,1,0,0.4,[25]
FCN-VP-00974,ciauhqueh,,,25,1,1,0,0.4,[25]
FCN-VP-00975,ciauhtoc,,,25,1,1,0,0.4,[25]
FCN-VP-00976,cuaciyah,,,25,1,1,0,0.4,[25]
FCN-VP-00977,cuatzālan,,,25,1,1,0,0.4,[25]
FCN-VP-00978,etlacualli,,,25,1,1,0,0.4,[25]
FCN-VP-00979,ihcatocān,,,25,1,1,0,0.4,[25]
FCN-VP-00980,ihcatoqueh,,,25,1,1,0,0.4,[25]
FCN-VP-00981,ihcatozquia,,,25,1,1,0,0.4,[25]
FCN-VP-00982,ihcatozquiah,,,25,1,1,0,0.4,[25]
FCN-VP-00983,inihcatoqueh,,,25,1,1,0,0.4,[25]
FCN-VP-00984,inihcatozquiah,,,25,1,1,0,0.4,[25]
FCN-VP-00985,inyatoqueh,,,25,1,1,0,0.4,[25]
FCN-VP-00986,inyatozquiah,,,25,1,1,0,0.4,[25]
FCN-VP-00987,liquid,,,25,1,1,0,0.4,[25]
FCN-VP-00988,mancohcuahuitl,,,25,1,1,0,0.4,[25]
FCN-VP-00989,mochīuhqui,,,25,1,1,0,0.4,[25]
FCN-VP-00990,mānto,,,25,1,1,0,0.4,[25]
FCN-VP-00991,māntoc,,,25,1,1,0,0.4,[25]
FCN-VP-00992,māntoya,,,25,1,1,0,0.4,[25]
FCN-VP-00993,māntoz,,,25,1,1,0,0.4,[25]
FCN-VP-00994,māntozquia,,,25,1,1,0,0.4,[25]
FCN-VP-00995,nelhueyi,,,25,1,1,0,0.4,[25]
FCN-VP-00996,niihcatozquia,,,25,1,1,0,0.4,[25]
FCN-VP-00997,niyatozquia,,,25,1,1,0,0.4,[25]
FCN-VP-00998,nomīllah,,,25,1,1,0,0.4,[25]
FCN-VP-00999,notlanempan,,,25,1,1,0,0.4,[25]
FCN-VP-01000,oncazquia,,,25,1,1,0,0.4,[25]
FCN-VP-01001,tiihcatocān,,,25,1,1,0,0.4,[25]
FCN-VP-01002,tiihcatoqueh,,,25,1,1,0,0.4,[25]
FCN-VP-01003,tiihcatozquia,,,25,1,1,0,0.4,[25]
FCN-VP-01004,tiihcatozquiah,,,25,1,1,0,0.4,[25]
FCN-VP-01005,tiyatocān,,,25,1,1,0,0.4,[25]
FCN-VP-01006,tiyatoqueh,,,25,1,1,0,0.4,[25]
FCN-VP-01007,tiyatozquia,,,25,1,1,0,0.4,[25]
FCN-VP-01008,tiyatozquiah,,,25,1,1,0,0.4,[25]
FCN-VP-01009,tlachpānah,,,25,1,1,0,0.4,[25]
FCN-VP-01010,tlacuāzceh,,,25,1,1,0,0.4,[25]
FCN-VP-01011,tlaqui,,,25,1,1,0,0.4,[25]
FCN-VP-01012,tomāhuac,,,25,1,1,0,0.4,[25]
FCN-VP-01013,torohmeh,,,25,1,1,0,0.4,[25]
FCN-VP-01014,xiihcatocān,,,25,1,1,0,0.4,[25]
FCN-VP-01015,xiyatocān,,,25,1,1,0,0.4,[25]
FCN-VP-01016,yatocān,,,25,1,1,0,0.4,[25]
FCN-VP-01017,yatoqueh,,,25,1,1,0,0.4,[25]
FCN-VP-01018,yatozquia,,,25,1,1,0,0.4,[25]
FCN-VP-01019,yatozquiah,,,25,1,1,0,0.4,[25]
FCN-VP-01020,ātli,,,25,1,1,0,0.4,[25]
FCN-VP-01021,alaxocuahuitl,,,26,1,1,0,0.4,[26]
FCN-VP-01022,attach,,,26,1,1,0,0.4,[26]
FCN-VP-01023,iicnīhuan,,,26,1,1,0,0.4,[26]
FCN-VP-01024,momachtiqui,,,26,1,1,0,0.4,[26]
FCN-VP-01025,moztla,Tomorrow.,adv,26,1,1,1,0.9,[26]
FCN-VP-01026,nicuatleco,,,26,1,1,0,0.4,[26]
FCN-VP-01027,nicuatlehcoti,,,26,1,1,0,0.4,[26]
FCN-VP-01028,nimomachtiqui,,,26,1,1,0,0.4,[26]
FCN-VP-01029,nimomachtiti,,,26,1,1,0,0.4,[26]
FCN-VP-01030,nimāltito,,,26,1,1,0,0.4,[26]
FCN-VP-01031,nitlachpānaco,,,26,1,1,0,0.4,[26]
FCN-VP-01032,nitlacuāco,,,26,1,1,0,0.4,[26]
FCN-VP-01033,niātlacuito,,,26,1,1,0,0.4,[26]
FCN-VP-01034,timomachtiti,,,26,1,1,0,0.4,[26]
FCN-VP-01035,titlacuāqui,,,26,1,1,0,0.4,[26]
FCN-VP-01036,tlachpānaco,,,26,1,1,0,0.4,[26]
FCN-VP-01037,tlacuāco,,,26,1,1,0,0.4,[26]
FCN-VP-01038,tlacuāqui,,,26,1,1,0,0.4,[26]
FCN-VP-01039,īcihuāuh,,,26,1,1,0,0.4,[26]
FCN-VP-01040,ahui,,,27,1,1,0,0.4,[27]
FCN-VP-01041,chancacah,,,27,1,1,0,0.4,[27]
FCN-VP-01042,chorizo,,,27,1,1,0,0.4,[27]
FCN-VP-01043,cilchīlli,,,27,1,1,0,0.4,[27]
FCN-VP-01044,cuatlacquetl,,,27,1,1,0,0.4,[27]
FCN-VP-01045,cēmpōhualli,,,27,1,1,0,0.4,[27]
FCN-VP-01046,ichcācuatitlan,,,27,1,1,0,0.4,[27]
FCN-VP-01047,imīxxo,,,27,1,1,0,0.4,[27]
FCN-VP-01048,mancuernah,,,27,1,1,0,0.4,[27]
FCN-VP-01049,mochancacah,,,27,1,1,0,0.4,[27]
FCN-VP-01050,nimītzhuīquilia,,,27,1,1,0,0.4,[27]
FCN-VP-01051,piquin,,,27,1,1,0,0.4,[27]
FCN-VP-01052,purchases,,,27,1,1,0,0.4,[27]
FCN-VP-01053,tamachihua,,,27,1,1,0,0.4,[27]
FCN-VP-01054,tepēnāhuac,,,27,1,1,0,0.4,[27]
FCN-VP-01055,ticcāhua,,,27,1,1,0,0.4,[27]
FCN-VP-01056,tichuīcaz,,,27,1,1,0,0.4,[27]
FCN-VP-01057,tiānquiz,,,27,1,1,0,0.4,[27]
FCN-VP-01058,tlacolula,,,27,1,1,0,0.4,[27]
FCN-VP-01059,tlacōhuah,,,27,1,1,0,0.4,[27]
FCN-VP-01060,tlanamācah,,,27,1,1,0,0.4,[27]
FCN-VP-01061,tlapatlah,,,27,1,1,0,0.4,[27]
FCN-VP-01062,tlatzquintli,,,27,1,1,0,0.4,[27]
FCN-VP-01063,tolōntic,,,27,1,1,0,0.4,[27]
FCN-VP-01064,tzopēlic,,,27,1,1,0,0.4,[27]
FCN-VP-01065,xinēchmāca,,,27,1,1,0,0.4,[27]
FCN-VP-01066,zgquoje,,,27,1,1,0,0.4,[27]
FCN-VP-01067,īpatiuh,,,27,1,1,0,0.4,[27]
FCN-VP-01068,īyōllo,,,27,1,1,0,0.4,[27]
FCN-VP-01069,cānah,,,28,1,1,0,0.4,[28]
FCN-VP-01070,huahcauhquiya,,,28,1,1,0,0.4,[28]
FCN-VP-01071,inmotlaloyayah,,,28,1,1,0,0.4,[28]
FCN-VP-01072,inquicuāyayah,,,28,1,1,0,0.4,[28]
FCN-VP-01073,inquicāhuyayah,,,28,1,1,0,0.4,[28]
FCN-VP-01074,inquiilliyayah,,,28,1,1,0,0.4,[28]
FCN-VP-01075,inquiittayayah,,,28,1,1,0,0.4,[28]
FCN-VP-01076,inquimāmāyayah,,,28,1,1,0,0.4,[28]
FCN-VP-01077,inquipayayah,,,28,1,1,0,0.4,[28]
FCN-VP-01078,inquipoloyayah,,,28,1,1,0,0.4,[28]
FCN-VP-01079,inquiāmatiyayah,,,28,1,1,0,0.4,[28]
FCN-VP-01080,inquiōniyayah,,,28,1,1,0,0.4,[28]
FCN-VP-01081,ināmiquiyayah,,,28,1,1,0,0.4,[28]
FCN-VP-01082,miquiyaya,,,28,1,1,0,0.4,[28]
FCN-VP-01083,miquiyayah,,,28,1,1,0,0.4,[28]
FCN-VP-01084,motlaloyaya,,,28,1,1,0,0.4,[28]
FCN-VP-01085,motlaloyayah,,,28,1,1,0,0.4,[28]
FCN-VP-01086,nacatl,Meat; flesh.,noun,28,1,1,1,0.9,[28]
FCN-VP-01087,niccuāyaya,,,28,1,1,0,0.4,[28]
FCN-VP-01088,niccāhuayaya,,,28,1,1,0,0.4,[28]
FCN-VP-01089,nicmāmāyaya,,,28,1,1,0,0.4,[28]
FCN-VP-01090,nicāmatiyaya,,,28,1,1,0,0.4,[28]
FCN-VP-01091,nicōniyaya,,,28,1,1,0,0.4,[28]
FCN-VP-01092,nimotlaloyaya,,,28,1,1,0,0.4,[28]
FCN-VP-01093,niquilliyaya,,,28,1,1,0,0.4,[28]
FCN-VP-01094,niquittayaya,,,28,1,1,0,0.4,[28]
FCN-VP-01095,niāmiquiyaya,,,28,1,1,0,0.4,[28]
FCN-VP-01096,occur,,,28,1,1,0,0.4,[28]
FCN-VP-01097,quicuāyaya,,,28,1,1,0,0.4,[28]
FCN-VP-01098,quicuāyayah,,,28,1,1,0,0.4,[28]
FCN-VP-01099,quicāhuyaya,,,28,1,1,0,0.4,[28]
FCN-VP-01100,quicāhuyayah,,,28,1,1,0,0.4,[28]
FCN-VP-01101,quiittayaya,,,28,1,1,0,0.4,[28]
FCN-VP-01102,quiittayayah,,,28,1,1,0,0.4,[28]
FCN-VP-01103,quilliyaya,,,28,1,1,0,0.4,[28]
FCN-VP-01104,quilliyayah,,,28,1,1,0,0.4,[28]
FCN-VP-01105,quimāmāyaya,,,28,1,1,0,0.4,[28]
FCN-VP-01106,quimāmāyayah,,,28,1,1,0,0.4,[28]
FCN-VP-01107,quipayaya,,,28,1,1,0,0.4,[28]
FCN-VP-01108,quipayayah,,,28,1,1,0,0.4,[28]
FCN-VP-01109,quipoloyaya,,,28,1,1,0,0.4,[28]
FCN-VP-01110,quipoloyayah,,,28,1,1,0,0.4,[28]
FCN-VP-01111,quiāmatiyaya,,,28,1,1,0,0.4,[28]
FCN-VP-01112,quiāmatiyayah,,,28,1,1,0,0.4,[28]
FCN-VP-01113,quiōniyaya,,,28,1,1,0,0.4,[28]
FCN-VP-01114,quiōniyayah,,,28,1,1,0,0.4,[28]
FCN-VP-01115,ticcuāyaya,,,28,1,1,0,0.4,[28]
FCN-VP-01116,ticcuāyayah,,,28,1,1,0,0.4,[28]
FCN-VP-01117,ticcāhuyaya,,,28,1,1,0,0.4,[28]
FCN-VP-01118,ticcāhuyayah,,,28,1,1,0,0.4,[28]
FCN-VP-01119,ticmāmāyaya,,,28,1,1,0,0.4,[28]
FCN-VP-01120,ticmāmāyayah,,,28,1,1,0,0.4,[28]
FCN-VP-01121,ticāmatiyaya,,,28,1,1,0,0.4,[28]
FCN-VP-01122,ticāmatiyayah,,,28,1,1,0,0.4,[28]
FCN-VP-01123,ticōniyaya,,,28,1,1,0,0.4,[28]
FCN-VP-01124,ticōniyayah,,,28,1,1,0,0.4,[28]
FCN-VP-01125,timotlaloyaya,,,28,1,1,0,0.4,[28]
FCN-VP-01126,timotlaloyayah,,,28,1,1,0,0.4,[28]
FCN-VP-01127,tiquilliyaya,,,28,1,1,0,0.4,[28]
FCN-VP-01128,tiquilliyayah,,,28,1,1,0,0.4,[28]
FCN-VP-01129,tiquittayaya,,,28,1,1,0,0.4,[28]
FCN-VP-01130,tiquittayayah,,,28,1,1,0,0.4,[28]
FCN-VP-01131,tiāmiquiyaya,,,28,1,1,0,0.4,[28]
FCN-VP-01132,tiāmiquiyayah,,,28,1,1,0,0.4,[28]
FCN-VP-01133,tlach,,,28,1,1,0,0.4,[28]
FCN-VP-01134,tlaōniyaya,,,28,1,1,0,0.4,[28]
FCN-VP-01135,ahhuayohua,,,29,1,1,0,0.4,[29]
FCN-VP-01136,cheneh,,,29,1,1,0,0.4,[29]
FCN-VP-01137,chickenpox,,,29,1,1,0,0.4,[29]
FCN-VP-01138,cocoliztli,"illness, disease",noun,29,1,1,1,0.9,[29]
FCN-VP-01139,cocōliztli,,,29,1,1,0,0.4,[29]
FCN-VP-01140,cure,,,29,1,1,0,0.4,[29]
FCN-VP-01141,eztli,Blood.,noun,29,1,1,1,0.9,[29]
FCN-VP-01142,headache,,,29,1,1,0,0.4,[29]
FCN-VP-01143,itlacayo,,,29,1,1,0,0.4,[29]
FCN-VP-01144,itlācayo,,,29,1,1,0,0.4,[29]
FCN-VP-01145,iyācatzo,,,29,1,1,0,0.4,[29]
FCN-VP-01146,iyācatzol,,,29,1,1,0,0.4,[29]
FCN-VP-01147,iīxnēzca,,,29,1,1,0,0.4,[29]
FCN-VP-01148,liztli,,,29,1,1,0,0.4,[29]
FCN-VP-01149,mitzcocōz,,,29,1,1,0,0.4,[29]
FCN-VP-01150,mocuapoloa,,,29,1,1,0,0.4,[29]
FCN-VP-01151,motequipachoa,,,29,1,1,0,0.4,[29]
FCN-VP-01152,motlācayo,,,29,1,1,0,0.4,[29]
FCN-VP-01153,motzontecon,,,29,1,1,0,0.4,[29]
FCN-VP-01154,moācacahuaquētza,,,29,1,1,0,0.4,[29]
FCN-VP-01155,neltotōnic,,,29,1,1,0,0.4,[29]
FCN-VP-01156,notzontecon,,,29,1,1,0,0.4,[29]
FCN-VP-01157,nēchcocōa,,,29,1,1,0,0.4,[29]
FCN-VP-01158,pahtli,Medicine; poison.,noun,29,1,1,1,0.9,[29]
FCN-VP-01159,pilcocōtzin,,,29,1,1,0,0.4,[29]
FCN-VP-01160,pilcocōtzintzin,,,29,1,1,0,0.4,[29]
FCN-VP-01161,pēhuaz,,,29,1,1,0,0.4,[29]
FCN-VP-01162,pēuhqui,,,29,1,1,0,0.4,[29]
FCN-VP-01163,quetorolaco,,,29,1,1,0,0.4,[29]
FCN-VP-01164,quicocōhua,,,29,1,1,0,0.4,[29]
FCN-VP-01165,quicuezoa,,,29,1,1,0,0.4,[29]
FCN-VP-01166,quimācaz,,,29,1,1,0,0.4,[29]
FCN-VP-01167,quizazeh,,,29,1,1,0,0.4,[29]
FCN-VP-01168,quēmmanya,,,29,1,1,0,0.4,[29]
FCN-VP-01169,quīz,,,29,1,1,0,0.4,[29]
FCN-VP-01170,temahmauhtih,,,29,1,1,0,0.4,[29]
FCN-VP-01171,tepēcocah,,,29,1,1,0,0.4,[29]
FCN-VP-01172,ticaxāniz,,,29,1,1,0,0.4,[29]
FCN-VP-01173,ticcicināltiz,,,29,1,1,0,0.4,[29]
FCN-VP-01174,ticececuiz,,,29,1,1,0,0.4,[29]
FCN-VP-01175,tichuahuānaz,,,29,1,1,0,0.4,[29]
FCN-VP-01176,ticpitziniz,,,29,1,1,0,0.4,[29]
FCN-VP-01177,ticōni,,,29,1,1,0,0.4,[29]
FCN-VP-01178,ticōniz,,,29,1,1,0,0.4,[29]
FCN-VP-01179,timihyocui,,,29,1,1,0,0.4,[29]
FCN-VP-01180,timotlalhuiliz,,,29,1,1,0,0.4,[29]
FCN-VP-01181,timoyācalichiniz,,,29,1,1,0,0.4,[29]
FCN-VP-01182,tiohuihtiyāz,,,29,1,1,0,0.4,[29]
FCN-VP-01183,tiquechahhuayohuaz,,,29,1,1,0,0.4,[29]
FCN-VP-01184,tiquihnequiz,,,29,1,1,0,0.4,[29]
FCN-VP-01185,titlatlaciz,,,29,1,1,0,0.4,[29]
FCN-VP-01186,titlācayocuahcualo,,,29,1,1,0,0.4,[29]
FCN-VP-01187,tiyācaātemoz,,,29,1,1,0,0.4,[29]
FCN-VP-01188,tiyōlpāquiz,,,29,1,1,0,0.4,[29]
FCN-VP-01189,tlaltepāctli,,,29,1,1,0,0.4,[29]
FCN-VP-01190,tlapoloa,,,29,1,1,0,0.4,[29]
FCN-VP-01191,tlapoloā,,,29,1,1,0,0.4,[29]
FCN-VP-01192,tlācayocuahcualo,,,29,1,1,0,0.4,[29]
FCN-VP-01193,tzapalōtl,,,29,1,1,0,0.4,[29]
FCN-VP-01194,tzimpochquitzin,,,29,1,1,0,0.4,[29]
FCN-VP-01195,tēmahmāuhtih,,,29,1,1,0,0.4,[29]
FCN-VP-01196,tōnalīxco,,,29,1,1,0,0.4,[29]
FCN-VP-01197,xichuahuāna,,,29,1,1,0,0.4,[29]
FCN-VP-01198,yahyamaniyāz,,,29,1,1,0,0.4,[29]
FCN-VP-01199,yācaezquiza,,,29,1,1,0,0.4,[29]
FCN-VP-01200,yācaezquīza,,,29,1,1,0,0.4,[29]
FCN-VP-01201,yācaātemo,,,29,1,1,0,0.4,[29]
FCN-VP-01202,yōlic,,,29,1,1,0,0.4,[29]
FCN-VP-01203,āhachica,,,29,1,1,0,0.4,[29]
FCN-VP-01204,ātōtōmontzin,,,29,1,1,0,0.4,[29]
FCN-VP-01205,īpahyo,,,29,1,1,0,0.4,[29]
FCN-VP-01206,ītzontecon,,,29,1,1,0,0.4,[29]
FCN-VP-01207,ītēcac,,,29,1,1,0,0.4,[29]
FCN-VP-01208,īxchohchōca,,,29,1,1,0,0.4,[29]
FCN-VP-01209,chōca,,,30,1,1,0,0.4,[30]
FCN-VP-01210,cuapa,,,30,1,1,0,0.4,[30]
FCN-VP-01211,icuaptozquia,,,30,1,1,0,0.4,[30]
FCN-VP-01212,imāltihtozquia,,,30,1,1,0,0.4,[30]
FCN-VP-01213,inmāltihtozquiah,,,30,1,1,0,0.4,[30]
FCN-VP-01214,inmāltizquiah,,,30,1,1,0,0.4,[30]
FCN-VP-01215,māltihtozquiah,,,30,1,1,0,0.4,[30]
FCN-VP-01216,māltizquia,,,30,1,1,0,0.4,[30]
FCN-VP-01217,māltizquiah,,,30,1,1,0,0.4,[30]
FCN-VP-01218,nichōcazquia,,,30,1,1,0,0.4,[30]
FCN-VP-01219,nicuapazquia,,,30,1,1,0,0.4,[30]
FCN-VP-01220,nicōnitozquia,,,30,1,1,0,0.4,[30]
FCN-VP-01221,nimāltihtozquia,,,30,1,1,0,0.4,[30]
FCN-VP-01222,nimāltiz,,,30,1,1,0,0.4,[30]
FCN-VP-01223,nimāltizquia,,,30,1,1,0,0.4,[30]
FCN-VP-01224,niquittazquia,,,30,1,1,0,0.4,[30]
FCN-VP-01225,ticōnizquiah,,,30,1,1,0,0.4,[30]
FCN-VP-01226,timāltihtozquia,,,30,1,1,0,0.4,[30]
FCN-VP-01227,timāltihtozquiah,,,30,1,1,0,0.4,[30]
FCN-VP-01228,timāltizquia,,,30,1,1,0,0.4,[30]
FCN-VP-01229,timāltizquiah,,,30,1,1,0,0.4,[30]
FCN-VP-01230,tlaceceya,,,30,1,1,0,0.4,[30]
FCN-VP-01231,tlamanēxtili,,,30,1,1,0,0.4,[30]
FCN-VP-01232,toqueh,,,30,1,1,0,0.4,[30]
FCN-VP-01233,zquiah,,,30,1,1,0,0.4,[30]
FCN-VP-01234,āxoncayaya,,,30,1,1,0,0.4,[30]
FCN-VP-01235,axtlen,"think nothing of it, you're welcome, don't mention it",intj,31,1,1,1,0.9,[31]
FCN-VP-01236,cequinoqueh,,,31,1,1,0,0.4,[31]
FCN-VP-01237,curandero,,,31,1,1,0,0.4,[31]
FCN-VP-01238,cuts,,,31,1,1,0,0.4,[31]
FCN-VP-01239,ichpōcatl,,,31,1,1,0,0.4,[31]
FCN-VP-01240,ichān,,,31,1,1,0,0.4,[31]
FCN-VP-01241,imāco,,,31,1,1,0,0.4,[31]
FCN-VP-01242,inmoīxtēnno,,,31,1,1,0,0.4,[31]
FCN-VP-01243,mitzcocōliah,,,31,1,1,0,0.4,[31]
FCN-VP-01244,mitzilcāhua,,,31,1,1,0,0.4,[31]
FCN-VP-01245,mitzpoloā,,,31,1,1,0,0.4,[31]
FCN-VP-01246,moconēuh,,,31,1,1,0,0.4,[31]
FCN-VP-01247,motiochīhua,,,31,1,1,0,0.4,[31]
FCN-VP-01248,moxīcoah,,,31,1,1,0,0.4,[31]
FCN-VP-01249,nahnahui,four apiece; four each.,num,31,1,1,1,0.9,[31]
FCN-VP-01250,niccotonquiya,,,31,1,1,0,0.4,[31]
FCN-VP-01251,pilcīntzin,,,31,1,1,0,0.4,[31]
FCN-VP-01252,polihui,to become lost or destroyed,verb,31,1,1,1,0.9,[31]
FCN-VP-01253,que,,,31,1,1,0,0.4,[31]
FCN-VP-01254,quicencuilia,,,31,1,1,0,0.4,[31]
FCN-VP-01255,quichīhuaz,,,31,1,1,0,0.4,[31]
FCN-VP-01256,quichīuhtozquia,,,31,1,1,0,0.4,[31]
FCN-VP-01257,quicocōliah,,,31,1,1,0,0.4,[31]
FCN-VP-01258,quicualtlāliah,,,31,1,1,0,0.4,[31]
FCN-VP-01259,quiihtoā,,,31,1,1,0,0.4,[31]
FCN-VP-01260,quiilihqui,,,31,1,1,0,0.4,[31]
FCN-VP-01261,quiittazceh,,,31,1,1,0,0.4,[31]
FCN-VP-01262,quimictia,,,31,1,1,0,0.4,[31]
FCN-VP-01263,quimictiah,,,31,1,1,0,0.4,[31]
FCN-VP-01264,quincamahuia,,,31,1,1,0,0.4,[31]
FCN-VP-01265,quintlahtlania,,,31,1,1,0,0.4,[31]
FCN-VP-01266,quiochpānah,,,31,1,1,0,0.4,[31]
FCN-VP-01267,quipalehuīcān,,,31,1,1,0,0.4,[31]
FCN-VP-01268,quipanhuetzi,,,31,1,1,0,0.4,[31]
FCN-VP-01269,quitlatēmolihqui,,,31,1,1,0,0.4,[31]
FCN-VP-01270,quitlālia,,,31,1,1,0,0.4,[31]
FCN-VP-01271,quitlālīcān,,,31,1,1,0,0.4,[31]
FCN-VP-01272,quitēma,,,31,1,1,0,0.4,[31]
FCN-VP-01273,quiāhhuia,,,31,1,1,0,0.4,[31]
FCN-VP-01274,quēmmaniuhqui,,,31,1,1,0,0.4,[31]
FCN-VP-01275,quēnniuhqui,,,31,1,1,0,0.4,[31]
FCN-VP-01276,quēuhquinon,,,31,1,1,0,0.4,[31]
FCN-VP-01277,tiitztoqueh,,,31,1,1,0,0.4,[31]
FCN-VP-01278,tiquincāhua,,,31,1,1,0,0.4,[31]
FCN-VP-01279,tiquittazceh,,,31,1,1,0,0.4,[31]
FCN-VP-01280,titlacuācān,,,31,1,1,0,0.4,[31]
FCN-VP-01281,tlacamahuia,,,31,1,1,0,0.4,[31]
FCN-VP-01282,tlachixtozquia,,,31,1,1,0,0.4,[31]
FCN-VP-01283,tlachiya,,,31,1,1,0,0.4,[31]
FCN-VP-01284,tlachīxquetl,,,31,1,1,0,0.4,[31]
FCN-VP-01285,tlacotōntli,,,31,1,1,0,0.4,[31]
FCN-VP-01286,tlacuāh,,,31,1,1,0,0.4,[31]
FCN-VP-01287,tlacuāhquehya,,,31,1,1,0,0.4,[31]
FCN-VP-01288,tlaehelto,,,31,1,1,0,0.4,[31]
FCN-VP-01289,tlahtlālia,,,31,1,1,0,0.4,[31]
FCN-VP-01290,tlanāhuatia,,,31,1,1,0,0.4,[31]
FCN-VP-01291,tlaochpanāliztli,,,31,1,1,0,0.4,[31]
FCN-VP-01292,tlaochpānaliztli,,,31,1,1,0,0.4,[31]
FCN-VP-01293,tlaochpāntli,,,31,1,1,0,0.4,[31]
FCN-VP-01294,tlatehtectli,,,31,1,1,0,0.4,[31]
FCN-VP-01295,tlatocaxtia,,,31,1,1,0,0.4,[31]
FCN-VP-01296,tlatōctzin,,,31,1,1,0,0.4,[31]
FCN-VP-01297,tlaxēloliz,,,31,1,1,0,0.4,[31]
FCN-VP-01298,tlipītzah,,,31,1,1,0,0.4,[31]
FCN-VP-01299,tlāixpan,,,31,1,1,0,0.4,[31]
FCN-VP-01300,tonanān,,,31,1,1,0,0.4,[31]
FCN-VP-01301,totiotzitzin,,,31,1,1,0,0.4,[31]
FCN-VP-01302,xiccencuili,,,31,1,1,0,0.4,[31]
FCN-VP-01303,xicnānquili,,,31,1,1,0,0.4,[31]
FCN-VP-01304,xicpatla,,,31,1,1,0,0.4,[31]
FCN-VP-01305,xicpōhua,,,31,1,1,0,0.4,[31]
FCN-VP-01306,xictēmo,,,31,1,1,0,0.4,[31]
FCN-VP-01307,ximochiyacan,,,31,1,1,0,0.4,[31]
FCN-VP-01308,xōchimantli,,,31,1,1,0,0.4,[31]
FCN-VP-01309,ācquiya,,,31,1,1,0,0.4,[31]
FCN-VP-01310,āmatl,,,31,1,1,0,0.4,[31]
FCN-VP-01311,āmatlatehtectli,,,31,1,1,0,0.4,[31]
FCN-VP-01312,īnemiliz,,,31,1,1,0,0.4,[31]
FCN-VP-01313,cahuayoh,alternative form of cahuallo,noun,32,1,1,1,0.9,[32]
FCN-VP-01314,chihchicuēyi,,,32,1,1,0,0.4,[32]
FCN-VP-01315,humans,,,32,1,1,0,0.4,[32]
FCN-VP-01316,hunt,,,32,1,1,0,0.4,[32]
FCN-VP-01317,itlamāmāl,,,32,1,1,0,0.4,[32]
FCN-VP-01318,mītztlamāca,,,32,1,1,0,0.4,[32]
FCN-VP-01319,nochichi,,,32,1,1,0,0.4,[32]
FCN-VP-01320,non-human,,,32,1,1,0,0.4,[32]
FCN-VP-01321,quicahcayāhqui,,,32,1,1,0,0.4,[32]
FCN-VP-01322,quipalehuia,,,32,1,1,0,0.4,[32]
FCN-VP-01323,tla,,,32,1,1,0,0.4,[32]
FCN-VP-01324,tlachicuēnia,,,32,1,1,0,0.4,[32]
FCN-VP-01325,tlanāmictia,,,32,1,1,0,0.4,[32]
FCN-VP-01326,tlapēhuaz,,,32,1,1,0,0.4,[32]
FCN-VP-01327,tlaōniz,,,32,1,1,0,0.4,[32]
FCN-VP-01328,totahtzin,,,32,1,1,0,0.4,[32]
FCN-VP-01329,tēcahcayāhqui,,,32,1,1,0,0.4,[32]
FCN-VP-01330,tēpalehuia,,,32,1,1,0,0.4,[32]
FCN-VP-01331,tētlamāca,,,32,1,1,0,0.4,[32]
FCN-VP-01332,xicchīhua,,,32,1,1,0,0.4,[32]
FCN-VP-01333,xiquitta,,,32,1,1,0,0.4,[32]
FCN-VP-01334,xiquittacān,,,32,1,1,0,0.4,[32]
