rank,list_name,entry_id,beginner_flag,beginner_rationale,display_form,ehn_spoken_form,msn_headword,current_msn_headword,gloss_en,gloss_es,part_of_speech,semantic_domain,register,variety,pedagogical_score,source_file,source_reference,source_confidence,rule_trace,subgroup
1,function_words,kw::achtohui::2,safe,safe: core_everyday_domain,achtohui,achtohui,achtowi,achtohui,before,,adv,function_word,EHN_colloquial,Eastern Huasteca Nahuatl,141,nahuatl_kaikki_unified.json,nahuatl_kaikki_unified.json::achtohui::sense-2,0.95,hu> w before vowel,adv
2,function_words,kw::ahqueya::1,safe,safe: core_everyday_domain,ahqueya,ahqueya,ahkeya,ahqueya,who?,,adv,function_word,EHN_colloquial,Eastern Huasteca Nahuatl,141,nahuatl_kaikki_unified.json,nahuatl_kaikki_unified.json::ahqueya::sense-1,0.95,qu > k before front vowel,adv
3,function_words,kw::ama::1,safe,safe: core_everyday_domain,ama,ama,ama,ama,now,,adv,function_word,EHN_colloquial,Eastern Huasteca Nahuatl,141,nahuatl_kaikki_unified.json,nahuatl_kaikki_unified.json::ama::sense-1,0.95,identity,adv
4,function_words,kw::amantzi::1,safe,safe: core_everyday_domain,amantzi,amantzi,amantsi,amantzi,right now,,adv,function_word,EHN_colloquial,Eastern Huasteca Nahuatl,141,nahuatl_kaikki_unified.json,nahuatl_kaikki_unified.json::amantzi::sense-1,0.95,z > s,adv
5,function_words,kw::ax::1,safe,safe: core_everyday_domain,ax,ax,ax,ax,not,,adv,function_word,EHN_colloquial,Eastern Huasteca Nahuatl,141,nahuatl_kaikki_unified.json,nahuatl_kaikki_unified.json::ax::sense-1,0.95,identity,adv
6,function_words,kw::aya::1,safe,safe: core_everyday_domain,aya,aya,aya,aya,not yet,,adv,function_word,EHN_colloquial,Eastern Huasteca Nahuatl,141,nahuatl_kaikki_unified.json,nahuatl_kaikki_unified.json::aya::sense-1,0.95,identity,adv
7,function_words,kw::campa::4,safe,safe: core_everyday_domain,campa,campa,kampa,campa,where,,adv,function_word,EHN_colloquial,Eastern Huasteca Nahuatl,141,nahuatl_kaikki_unified.json,nahuatl_kaikki_unified.json::campa::sense-4,0.95,hard c > k,adv
8,function_words,kw::canque::1,safe,safe: core_everyday_domain,canque,canque,kanke,canque,where,,adv,function_word,EHN_colloquial,Eastern Huasteca Nahuatl,141,nahuatl_kaikki_unified.json,nahuatl_kaikki_unified.json::canque::sense-1,0.95,qu > k before front vowel; hard c > k,adv
9,function_words,kw::canque::2,safe,safe: core_everyday_domain,canque,canque,kanke,canque,"whither, to where",,adv,function_word,EHN_colloquial,Eastern Huasteca Nahuatl,141,nahuatl_kaikki_unified.json,nahuatl_kaikki_unified.json::canque::sense-2,0.95,qu > k before front vowel; hard c > k,adv
10,function_words,kw::queha::1,safe,safe: core_everyday_domain,queha,queha,keha,queha,how,,adv,function_word,EHN_colloquial,Eastern Huasteca Nahuatl,141,nahuatl_kaikki_unified.json,nahuatl_kaikki_unified.json::queha::sense-1,0.95,qu > k before front vowel,adv
11,function_words,kw::quehatza::1,safe,safe: core_everyday_domain,quehatza,quehatza,kehatsa,quehatza,how,,adv,function_word,EHN_colloquial,Eastern Huasteca Nahuatl,141,nahuatl_kaikki_unified.json,nahuatl_kaikki_unified.json::quehatza::sense-1,0.95,qu > k before front vowel; z > s,adv
12,function_words,kw::quentzi::1,safe,safe: core_everyday_domain,quentzi,quentzi,kentsi,quentzi,"little, not much",,adv,function_word,EHN_colloquial,Eastern Huasteca Nahuatl,141,nahuatl_kaikki_unified.json,nahuatl_kaikki_unified.json::quentzi::sense-1,0.95,qu > k before front vowel; z > s,adv
13,function_words,kw::quezqui::1,safe,safe: core_everyday_domain,quezqui,quezqui,keski,quezqui,how much?,,adv,function_word,EHN_colloquial,Eastern Huasteca Nahuatl,141,nahuatl_kaikki_unified.json,nahuatl_kaikki_unified.json::quezqui::sense-1,0.95,qu > k before front vowel; z > s,adv
14,function_words,kw::moztla::2,safe,safe: core_everyday_domain,moztla,moztla,mostla,moztla,tomorrow,,adv,function_word,EHN_colloquial,Eastern Huasteca Nahuatl,141,nahuatl_kaikki_unified.json,nahuatl_kaikki_unified.json::moztla::sense-2,0.95,z > s,adv
15,function_words,kw::neca::1,safe,safe: core_everyday_domain,neca,neca,neka,neca,there,,adv,function_word,EHN_colloquial,Eastern Huasteca Nahuatl,141,nahuatl_kaikki_unified.json,nahuatl_kaikki_unified.json::neca::sense-1,0.95,hard c > k,adv
16,function_words,kw::nepa::1,safe,safe: core_everyday_domain,nepa,nepa,nepa,nepa,there,,adv,function_word,EHN_colloquial,Eastern Huasteca Nahuatl,141,nahuatl_kaikki_unified.json,nahuatl_kaikki_unified.json::nepa::sense-1,0.95,identity,adv
17,function_words,kw::nica::1,safe,safe: core_everyday_domain,nica,nica,nika,nica,here,,adv,function_word,EHN_colloquial,Eastern Huasteca Nahuatl,141,nahuatl_kaikki_unified.json,nahuatl_kaikki_unified.json::nica::sense-1,0.95,hard c > k,adv
18,function_words,kw::nicani::1,safe,safe: core_everyday_domain,nicani,nicani,nikani,nicani,here,,adv,function_word,EHN_colloquial,Eastern Huasteca Nahuatl,141,nahuatl_kaikki_unified.json,nahuatl_kaikki_unified.json::nicani::sense-1,0.95,hard c > k,adv
19,function_words,kw::nopano::1,safe,safe: core_everyday_domain,nopano,nopano,nopano,nopano,there,,adv,function_word,EHN_colloquial,Eastern Huasteca Nahuatl,141,nahuatl_kaikki_unified.json,nahuatl_kaikki_unified.json::nopano::sense-1,0.95,identity,adv
20,function_words,kw::tlen::2,safe,safe: core_everyday_domain,tlen,tlen,tlen,tlen,what,,adv,function_word,EHN_colloquial,Eastern Huasteca Nahuatl,141,nahuatl_kaikki_unified.json,nahuatl_kaikki_unified.json::tlen::sense-2,0.95,identity,adv
21,function_words,kw::yalhuaya::1,safe,safe: core_everyday_domain,yalhuaya,yalhuaya,yalwaya,yalhuaya,yesterday,,adv,function_word,EHN_colloquial,Eastern Huasteca Nahuatl,141,nahuatl_kaikki_unified.json,nahuatl_kaikki_unified.json::yalhuaya::sense-1,0.95,hu> w before vowel,adv
22,function_words,kw::para-tlen::1,safe,safe: core_everyday_domain,para tlen,para tlen,para tlen,para tlen,why?,,adv,function_word,EHN_colloquial,Eastern Huasteca Nahuatl,138,nahuatl_kaikki_unified.json,nahuatl_kaikki_unified.json::para tlen::sense-1,0.95,identity,adv
23,function_words,kw::ax-quema::1,safe,safe: core_everyday_domain,ax quema,ax quema,ax kema,ax quema,never,,adv,function_word,EHN_colloquial,Eastern Huasteca Nahuatl,131,nahuatl_kaikki_unified.json,nahuatl_kaikki_unified.json::ax quema::sense-1,0.95,qu > k before front vowel,adv
24,function_words,kw::eltoya::1,safe,safe: core_everyday_domain,eltoya,eltoya,eltoya,eltoya,very,,adv,function_word,EHN_colloquial,Eastern Huasteca Nahuatl,131,nahuatl_kaikki_unified.json,nahuatl_kaikki_unified.json::eltoya::sense-1,0.95,identity,adv
25,function_words,kw::ihquino::1,safe,safe: core_everyday_domain,ihquino,ihquino,ihkino,ihquino,thus,,adv,function_word,EHN_colloquial,Eastern Huasteca Nahuatl,131,nahuatl_kaikki_unified.json,nahuatl_kaikki_unified.json::ihquino::sense-1,0.95,qu > k before front vowel,adv
26,function_words,kw::ica::1,safe,safe: core_everyday_domain,ica,ica,ika,ica,with,,adv,function_word,EHN_colloquial,Eastern Huasteca Nahuatl,131,nahuatl_kaikki_unified.json,nahuatl_kaikki_unified.json::ica::sense-1,0.95,hard c > k,adv
27,function_words,kw::queha-ni::1,safe,safe: core_everyday_domain,queha ni,queha ni,keha ni,queha ni,like this,,adv,function_word,EHN_colloquial,Eastern Huasteca Nahuatl,131,nahuatl_kaikki_unified.json,nahuatl_kaikki_unified.json::queha ni::sense-1,0.95,qu > k before front vowel,adv
28,function_words,kw::quema::1,safe,safe: core_everyday_domain,quema,quema,kema,quema,when?,,adv,function_word,EHN_colloquial,Eastern Huasteca Nahuatl,131,nahuatl_kaikki_unified.json,nahuatl_kaikki_unified.json::quema::sense-1,0.95,qu > k before front vowel,adv
29,function_words,kw::cualca::1,safe,safe: core_everyday_domain,cualca,cualca,kualka,cualca,early,,adv,function_word,EHN_colloquial,Eastern Huasteca Nahuatl,131,nahuatl_kaikki_unified.json,nahuatl_kaikki_unified.json::cualca::sense-1,0.95,hard c > k,adv
30,function_words,kw::cualli::4,safe,safe: core_everyday_domain,cualli,cualli,kualli,cualli,well,,adv,function_word,EHN_colloquial,Eastern Huasteca Nahuatl,131,nahuatl_kaikki_unified.json,nahuatl_kaikki_unified.json::cualli::sense-4,0.95,hard c > k,adv
31,function_words,kw::miac::1,safe,safe: core_everyday_domain,miac,miac,miak,miac,a lot,,adv,function_word,EHN_colloquial,Eastern Huasteca Nahuatl,131,nahuatl_kaikki_unified.json,nahuatl_kaikki_unified.json::miac::sense-1,0.95,hard c > k,adv
32,function_words,kw::nechca::1,safe,safe: core_everyday_domain,nechca,nechca,nechka,nechca,close to,,adv,function_word,EHN_colloquial,Eastern Huasteca Nahuatl,131,nahuatl_kaikki_unified.json,nahuatl_kaikki_unified.json::nechca::sense-1,0.95,hard c > k,adv
33,function_words,kw::nel-a::1,safe,safe: core_everyday_domain,nelía,nelía,nelía,nelía,truly,,adv,function_word,EHN_colloquial,Eastern Huasteca Nahuatl,131,nahuatl_kaikki_unified.json,nahuatl_kaikki_unified.json::nelía::sense-1,0.95,identity,adv
34,function_words,kw::noha::1,safe,safe: core_everyday_domain,noha,noha,noha,noha,still,,adv,function_word,EHN_colloquial,Eastern Huasteca Nahuatl,131,nahuatl_kaikki_unified.json,nahuatl_kaikki_unified.json::noha::sense-1,0.95,identity,adv
35,function_words,kw::nohquiya::1,safe,safe: core_everyday_domain,nohquiya,nohquiya,nohkiya,nohquiya,"moreover, furthermore",,adv,function_word,EHN_colloquial,Eastern Huasteca Nahuatl,131,nahuatl_kaikki_unified.json,nahuatl_kaikki_unified.json::nohquiya::sense-1,0.95,qu > k before front vowel,adv
36,function_words,kw::nohqu-a::1,safe,safe: core_everyday_domain,nohquía,nohquía,nohquía,nohquía,"also, as well",,adv,function_word,EHN_colloquial,Eastern Huasteca Nahuatl,131,nahuatl_kaikki_unified.json,nahuatl_kaikki_unified.json::nohquía::sense-1,0.95,identity,adv
37,function_words,kw::zampa::1,safe,safe: core_everyday_domain,zampa,zampa,sampa,zampa,again,,adv,function_word,EHN_colloquial,Eastern Huasteca Nahuatl,131,nahuatl_kaikki_unified.json,nahuatl_kaikki_unified.json::zampa::sense-1,0.95,z > s,adv
38,function_words,kw::zan::2,safe,safe: core_everyday_domain,zan,zan,san,zan,Only; merely; just; but,,adv,function_word,EHN_colloquial,Eastern Huasteca Nahuatl,131,nahuatl_kaikki_unified.json,nahuatl_kaikki_unified.json::zan::sense-2,0.95,z > s,adv
39,function_words,kw::tlahuel::1,safe,safe: core_everyday_domain,tlahuel,tlahuel,tlawel,tlahuel,very,,adv,function_word,EHN_colloquial,Eastern Huasteca Nahuatl,131,nahuatl_kaikki_unified.json,nahuatl_kaikki_unified.json::tlahuel::sense-1,0.95,hu> w before vowel,adv
40,function_words,kw::huehca::1,safe,safe: core_everyday_domain,huehca,huehca,wehka,huehca,"far away, distant",,adv,function_word,EHN_colloquial,Eastern Huasteca Nahuatl,131,nahuatl_kaikki_unified.json,nahuatl_kaikki_unified.json::huehca::sense-1,0.95,hu> w before vowel; hard c > k,adv
41,function_words,kw::yeca::1,safe,safe: core_everyday_domain,yeca,yeca,yeka,yeca,then,,adv,function_word,EHN_colloquial,Eastern Huasteca Nahuatl,131,nahuatl_kaikki_unified.json,nahuatl_kaikki_unified.json::yeca::sense-1,0.95,hard c > k,adv
42,function_words,kw::queha-nopa::1,safe,safe: core_everyday_domain,queha nopa,queha nopa,keha nopa,queha nopa,like that,,adv,function_word,EHN_colloquial,Eastern Huasteca Nahuatl,128,nahuatl_kaikki_unified.json,nahuatl_kaikki_unified.json::queha nopa::sense-1,0.95,qu > k before front vowel,adv
43,function_words,kw::yolic-yolic::1,safe,safe: core_everyday_domain,yolic yolic,yolic yolic,yolik yolik,yolic yolic,little by little,,adv,function_word,EHN_colloquial,Eastern Huasteca Nahuatl,128,nahuatl_kaikki_unified.json,nahuatl_kaikki_unified.json::yolic yolic::sense-1,0.95,hard c > k,adv
44,function_words,kw::pampa::1,safe,safe: core_everyday_domain,pampa,pampa,pampa,pampa,because,,conj,function_word,EHN_colloquial,Eastern Huasteca Nahuatl,145,nahuatl_kaikki_unified.json,nahuatl_kaikki_unified.json::pampa::sense-1,0.95,identity,conj
45,function_words,kw::intla::1,safe,safe: core_everyday_domain,intla,intla,intla,intla,if,,conj,function_word,EHN_colloquial,Eastern Huasteca Nahuatl,135,nahuatl_kaikki_unified.json,nahuatl_kaikki_unified.json::intla::sense-1,0.95,identity,conj
46,function_words,kw::pero::1,safe,safe: core_everyday_domain,pero,pero,pero,pero,"but, rather",,conj,function_word,EHN_colloquial,Eastern Huasteca Nahuatl,135,nahuatl_kaikki_unified.json,nahuatl_kaikki_unified.json::pero::sense-1,0.95,identity,conj
47,function_words,kw::tlen::3,safe,safe: core_everyday_domain,tlen,tlen,tlen,tlen,that,,conj,function_word,EHN_colloquial,Eastern Huasteca Nahuatl,135,nahuatl_kaikki_unified.json,nahuatl_kaikki_unified.json::tlen::sense-3,0.95,identity,conj
48,function_words,kw::huahca::1,safe,safe: core_everyday_domain,huahca,huahca,wahka,huahca,then; at that time; next,,conj,function_word,EHN_colloquial,Eastern Huasteca Nahuatl,135,nahuatl_kaikki_unified.json,nahuatl_kaikki_unified.json::huahca::sense-1,0.95,hu> w before vowel; hard c > k,conj
49,function_words,kw::miyac::1,safe,safe: core_everyday_domain,miyac,miyac,miyak,miyac,many,,det,function_word,EHN_colloquial,Eastern Huasteca Nahuatl,148,nahuatl_kaikki_unified.json,nahuatl_kaikki_unified.json::miyac::sense-1,0.95,hard c > k,det
50,function_words,kw::achi::3,safe,safe: core_everyday_domain,achi,achi,achi,achi,a little,,det,function_word,EHN_colloquial,Eastern Huasteca Nahuatl,138,nahuatl_kaikki_unified.json,nahuatl_kaikki_unified.json::achi::sense-3,0.95,identity,det
51,function_words,kw::ne::1,safe,safe: core_everyday_domain,ne,ne,ne,ne,that,,det,function_word,EHN_colloquial,Eastern Huasteca Nahuatl,138,nahuatl_kaikki_unified.json,nahuatl_kaikki_unified.json::ne::sense-1,0.95,identity,det
52,function_words,kw::ni::1,safe,safe: core_everyday_domain,ni,ni,ni,ni,this,,det,function_word,EHN_colloquial,Eastern Huasteca Nahuatl,138,nahuatl_kaikki_unified.json,nahuatl_kaikki_unified.json::ni::sense-1,0.95,identity,det
53,function_words,kw::nochi::1,safe,safe: core_everyday_domain,nochi,nochi,nochi,nochi,all,,det,function_word,EHN_colloquial,Eastern Huasteca Nahuatl,138,nahuatl_kaikki_unified.json,nahuatl_kaikki_unified.json::nochi::sense-1,0.95,identity,det
54,function_words,kw::nopa::1,safe,safe: core_everyday_domain,nopa,nopa,nopa,nopa,that,,det,function_word,EHN_colloquial,Eastern Huasteca Nahuatl,138,nahuatl_kaikki_unified.json,nahuatl_kaikki_unified.json::nopa::sense-1,0.95,identity,det
55,function_words,kw::cequinoc::1,safe,safe: core_everyday_domain,cequinoc,cequinoc,sekinok,cequinoc,plural of ceyoc,,det,function_word,EHN_colloquial,Eastern Huasteca Nahuatl,138,nahuatl_kaikki_unified.json,nahuatl_kaikki_unified.json::cequinoc::sense-1,0.95,qu > k before front vowel; soft c > s; hard c > k,det
56,function_words,kw::ceyoc::1,safe,safe: core_everyday_domain,ceyoc,ceyoc,seyok,ceyoc,other,,det,function_word,EHN_colloquial,Eastern Huasteca Nahuatl,138,nahuatl_kaikki_unified.json,nahuatl_kaikki_unified.json::ceyoc::sense-1,0.95,soft c > s; hard c > k,det
57,function_words,kw::chicome::3,safe,safe: core_everyday_domain,chicome,chicome,chikome,chicome,seven,,num,function_word,EHN_colloquial,Eastern Huasteca Nahuatl,130,nahuatl_kaikki_unified.json,nahuatl_kaikki_unified.json::chicome::sense-3,0.95,hard c > k,num
58,function_words,kw::chicuace::3,safe,safe: core_everyday_domain,chicuace,chicuace,chikuase,chicuace,six,,num,function_word,EHN_colloquial,Eastern Huasteca Nahuatl,130,nahuatl_kaikki_unified.json,nahuatl_kaikki_unified.json::chicuace::sense-3,0.95,soft c > s; hard c > k,num
59,function_words,kw::chicueyi::2,safe,safe: core_everyday_domain,chicueyi,chicueyi,chikueyi,chicueyi,eight,,num,function_word,EHN_colloquial,Eastern Huasteca Nahuatl,130,nahuatl_kaikki_unified.json,nahuatl_kaikki_unified.json::chicueyi::sense-2,0.95,hard c > k,num
60,function_words,kw::eyi::4,safe,safe: core_everyday_domain,eyi,eyi,eyi,eyi,three,,num,function_word,EHN_colloquial,Eastern Huasteca Nahuatl,130,nahuatl_kaikki_unified.json,nahuatl_kaikki_unified.json::eyi::sense-4,0.95,identity,num
61,function_words,kw::caxtolli::2,safe,safe: core_everyday_domain,caxtolli,caxtolli,kaxtolli,caxtolli,fifteen,,num,function_word,EHN_colloquial,Eastern Huasteca Nahuatl,130,nahuatl_kaikki_unified.json,nahuatl_kaikki_unified.json::caxtolli::sense-2,0.95,hard c > k,num
62,function_words,kw::macuilli::3,safe,safe: core_everyday_domain,macuilli,macuilli,makuilli,macuilli,five,,num,function_word,EHN_colloquial,Eastern Huasteca Nahuatl,130,nahuatl_kaikki_unified.json,nahuatl_kaikki_unified.json::macuilli::sense-3,0.95,hard c > k,num
63,function_words,kw::nahui::3,safe,safe: core_everyday_domain,nahui,nahui,nawi,nahui,four,,num,function_word,EHN_colloquial,Eastern Huasteca Nahuatl,130,nahuatl_kaikki_unified.json,nahuatl_kaikki_unified.json::nahui::sense-3,0.95,hu> w before vowel,num
64,function_words,kw::ome::4,safe,safe: core_everyday_domain,ome,ome,ome,ome,two,,num,function_word,EHN_colloquial,Eastern Huasteca Nahuatl,130,nahuatl_kaikki_unified.json,nahuatl_kaikki_unified.json::ome::sense-4,0.95,identity,num
65,function_words,kw::ce::3,safe,safe: core_everyday_domain,ce,ce,se,ce,one,,num,function_word,EHN_colloquial,Eastern Huasteca Nahuatl,130,nahuatl_kaikki_unified.json,nahuatl_kaikki_unified.json::ce::sense-3,0.95,soft c > s,num
66,function_words,kw::ciento::1,safe,safe: core_everyday_domain,ciento,ciento,siento,ciento,hundred,,num,function_word,EHN_colloquial,Eastern Huasteca Nahuatl,130,nahuatl_kaikki_unified.json,nahuatl_kaikki_unified.json::ciento::sense-1,0.95,soft c > s,num
67,function_words,kw::chicnahui::2,safe,safe: core_everyday_domain,chicnahui,chicnahui,chiknawi,chicnahui,nine,,num,function_word,EHN_colloquial,Eastern Huasteca Nahuatl,127,nahuatl_kaikki_unified.json,nahuatl_kaikki_unified.json::chicnahui::sense-2,0.95,hu> w before vowel; hard c > k,num
68,function_words,kw::mahtlactli::3,safe,safe: core_everyday_domain,mahtlactli,mahtlactli,mahtlaktli,mahtlactli,ten,,num,function_word,EHN_colloquial,Eastern Huasteca Nahuatl,127,nahuatl_kaikki_unified.json,nahuatl_kaikki_unified.json::mahtlactli::sense-3,0.95,hard c > k,num
69,function_words,kw::axtle::1,safe,safe: core_everyday_domain,axtle,axtle,axtle,axtle,"no, negative response",,particle,social_interaction,EHN_colloquial,Eastern Huasteca Nahuatl,153,nahuatl_kaikki_unified.json,nahuatl_kaikki_unified.json::axtle::sense-1,0.95,identity,particle
70,function_words,kw::quena::1,safe,safe: core_everyday_domain,quena,quena,kena,quena,"yes, positive response",,particle,social_interaction,EHN_colloquial,Eastern Huasteca Nahuatl,153,nahuatl_kaikki_unified.json,nahuatl_kaikki_unified.json::quena::sense-1,0.95,qu > k before front vowel,particle
71,function_words,kw::tlatzintla::1,safe,safe: core_everyday_domain,tlatzintla,tlatzintla,tlatsintla,tlatzintla,"under, below",,prep,function_word,EHN_colloquial,Eastern Huasteca Nahuatl,140,nahuatl_kaikki_unified.json,nahuatl_kaikki_unified.json::tlatzintla::sense-1,0.95,z > s,prep
72,function_words,kw::hasta::1,safe,safe: core_everyday_domain,hasta,hasta,hasta,hasta,until,,prep,function_word,EHN_colloquial,Eastern Huasteca Nahuatl,133,nahuatl_kaikki_unified.json,nahuatl_kaikki_unified.json::hasta::sense-1,0.95,identity,prep
73,function_words,kw::ipan::3,safe,safe: core_everyday_domain,ipan,ipan,ipan,ipan,in,,prep,function_word,EHN_colloquial,Eastern Huasteca Nahuatl,133,nahuatl_kaikki_unified.json,nahuatl_kaikki_unified.json::ipan::sense-3,0.95,identity,prep
74,function_words,kw::queha::2,safe,safe: core_everyday_domain,queha,queha,keha,queha,"like, as",,prep,function_word,EHN_colloquial,Eastern Huasteca Nahuatl,133,nahuatl_kaikki_unified.json,nahuatl_kaikki_unified.json::queha::sense-2,0.95,qu > k before front vowel,prep
75,function_words,kw::quehatza::2,safe,safe: core_everyday_domain,quehatza,quehatza,kehatsa,quehatza,"like, as",,prep,function_word,EHN_colloquial,Eastern Huasteca Nahuatl,133,nahuatl_kaikki_unified.json,nahuatl_kaikki_unified.json::quehatza::sense-2,0.95,qu > k before front vowel; z > s,prep
76,function_words,kw::huehcapa::1,safe,safe: core_everyday_domain,huehcapa,huehcapa,wehkapa,huehcapa,above,,prep,function_word,EHN_colloquial,Eastern Huasteca Nahuatl,133,nahuatl_kaikki_unified.json,nahuatl_kaikki_unified.json::huehcapa::sense-1,0.95,hu> w before vowel; hard c > k,prep
77,function_words,kw::ax-aqui::1,safe,safe: core_everyday_domain,ax aqui,ax aqui,ax aki,ax aqui,nobody,,pron,function_word,EHN_colloquial,Eastern Huasteca Nahuatl,148,nahuatl_kaikki_unified.json,nahuatl_kaikki_unified.json::ax aqui::sense-1,0.95,qu > k before front vowel,pron
78,function_words,kw::iaxca::2,safe,safe: core_everyday_domain,iaxca,iaxca,iaxka,iaxca,"of him, her, it",,pron,function_word,EHN_colloquial,Eastern Huasteca Nahuatl,138,nahuatl_kaikki_unified.json,nahuatl_kaikki_unified.json::iaxca::sense-2,0.95,hard c > k,pron
79,function_words,kw::ihuaya::1,safe,safe: core_everyday_domain,ihuaya,ihuaya,iwaya,ihuaya,"with him, her, it",,pron,function_word,EHN_colloquial,Eastern Huasteca Nahuatl,138,nahuatl_kaikki_unified.json,nahuatl_kaikki_unified.json::ihuaya::sense-1,0.95,hu> w before vowel,pron
80,function_words,kw::moaxca::1,safe,safe: core_everyday_domain,moaxca,moaxca,moaxka,moaxca,of you,,pron,function_word,EHN_colloquial,Eastern Huasteca Nahuatl,138,nahuatl_kaikki_unified.json,nahuatl_kaikki_unified.json::moaxca::sense-1,0.95,hard c > k,pron
81,function_words,kw::na::2,safe,safe: core_everyday_domain,na,na,na,na,first person; I,,pron,function_word,EHN_colloquial,Eastern Huasteca Nahuatl,138,nahuatl_kaikki_unified.json,nahuatl_kaikki_unified.json::na::sense-2,0.95,identity,pron
82,function_words,kw::naha::1,safe,safe: core_everyday_domain,naha,naha,naha,naha,first person; I,,pron,function_word,EHN_colloquial,Eastern Huasteca Nahuatl,138,nahuatl_kaikki_unified.json,nahuatl_kaikki_unified.json::naha::sense-1,0.95,identity,pron
83,function_words,kw::ne::2,safe,safe: core_everyday_domain,ne,ne,ne,ne,that,,pron,function_word,EHN_colloquial,Eastern Huasteca Nahuatl,138,nahuatl_kaikki_unified.json,nahuatl_kaikki_unified.json::ne::sense-2,0.95,identity,pron
84,function_words,kw::ni::2,safe,safe: core_everyday_domain,ni,ni,ni,ni,this,,pron,function_word,EHN_colloquial,Eastern Huasteca Nahuatl,138,nahuatl_kaikki_unified.json,nahuatl_kaikki_unified.json::ni::sense-2,0.95,identity,pron
85,function_words,kw::noaxca::1,safe,safe: core_everyday_domain,noaxca,noaxca,noaxka,noaxca,of me,,pron,function_word,EHN_colloquial,Eastern Huasteca Nahuatl,138,nahuatl_kaikki_unified.json,nahuatl_kaikki_unified.json::noaxca::sense-1,0.95,hard c > k,pron
86,function_words,kw::nopa::2,safe,safe: core_everyday_domain,nopa,nopa,nopa,nopa,that,,pron,function_word,EHN_colloquial,Eastern Huasteca Nahuatl,138,nahuatl_kaikki_unified.json,nahuatl_kaikki_unified.json::nopa::sense-2,0.95,identity,pron
87,function_words,kw::ta::2,safe,safe: core_everyday_domain,ta,ta,ta,ta,second person; you (singular),,pron,function_word,EHN_colloquial,Eastern Huasteca Nahuatl,138,nahuatl_kaikki_unified.json,nahuatl_kaikki_unified.json::ta::sense-2,0.95,identity,pron
88,function_words,kw::taha::1,safe,safe: core_everyday_domain,taha,taha,taha,taha,second person; you (singular),,pron,function_word,EHN_colloquial,Eastern Huasteca Nahuatl,138,nahuatl_kaikki_unified.json,nahuatl_kaikki_unified.json::taha::sense-1,0.95,identity,pron
89,function_words,kw::tohuanti::1,safe,safe: core_everyday_domain,tohuanti,tohuanti,towanti,tohuanti,first person; we,,pron,function_word,EHN_colloquial,Eastern Huasteca Nahuatl,138,nahuatl_kaikki_unified.json,nahuatl_kaikki_unified.json::tohuanti::sense-1,0.95,hu> w before vowel,pron
90,function_words,kw::ya::2,safe,safe: core_everyday_domain,ya,ya,ya,ya,"third person; he, she",,pron,function_word,EHN_colloquial,Eastern Huasteca Nahuatl,138,nahuatl_kaikki_unified.json,nahuatl_kaikki_unified.json::ya::sense-2,0.95,identity,pron
91,function_words,kw::yaha::1,safe,safe: core_everyday_domain,yaha,yaha,yaha,yaha,"third person; he, she",,pron,function_word,EHN_colloquial,Eastern Huasteca Nahuatl,138,nahuatl_kaikki_unified.json,nahuatl_kaikki_unified.json::yaha::sense-1,0.95,identity,pron
92,function_words,kw::yahaya::1,safe,safe: core_everyday_domain,yahaya,yahaya,yahaya,yahaya,"third person; he, she",,pron,function_word,EHN_colloquial,Eastern Huasteca Nahuatl,138,nahuatl_kaikki_unified.json,nahuatl_kaikki_unified.json::yahaya::sense-1,0.95,identity,pron
93,function_words,kw::yahuanti::1,safe,safe: core_everyday_domain,yahuanti,yahuanti,yawanti,yahuanti,third person; they,,pron,function_word,EHN_colloquial,Eastern Huasteca Nahuatl,138,nahuatl_kaikki_unified.json,nahuatl_kaikki_unified.json::yahuanti::sense-1,0.95,hu> w before vowel,pron
94,function_words,kw::amohuanti::1,safe,safe: core_everyday_domain,amohuanti,amohuanti,amowanti,amohuanti,second person; you (plural),,pron,function_word,EHN_colloquial,Eastern Huasteca Nahuatl,135,nahuatl_kaikki_unified.json,nahuatl_kaikki_unified.json::amohuanti::sense-1,0.95,hu> w before vowel,pron
95,function_words,kw::imohuanti::1,safe,safe: core_everyday_domain,imohuanti,imohuanti,imowanti,imohuanti,second person; you (plural),,pron,function_word,EHN_colloquial,Eastern Huasteca Nahuatl,135,nahuatl_kaikki_unified.json,nahuatl_kaikki_unified.json::imohuanti::sense-1,0.95,hu> w before vowel,pron
96,function_words,kw::ininhuanti::1,safe,safe: core_everyday_domain,ininhuanti,ininhuanti,ininwanti,ininhuanti,third person; they,,pron,function_word,EHN_colloquial,Eastern Huasteca Nahuatl,135,nahuatl_kaikki_unified.json,nahuatl_kaikki_unified.json::ininhuanti::sense-1,0.95,hu> w before vowel,pron
97,function_words,kw::queja::1,unsafe,unsafe: alternate_or_obsolete_spelling,queja,queja,keha (“how?”),queja,alternative spelling of queha (“how?”),,adv,function_word,EHN_colloquial,Eastern Huasteca Nahuatl,51,nahuatl_kaikki_unified.json,nahuatl_kaikki_unified.json::queja::sense-1,0.95,gloss target: queha (“how?”); qu > k before front vowel,adv
98,function_words,kw::queja::2,unsafe,unsafe: alternate_or_obsolete_spelling,queja,queja,keha (“like”),queja,alternative spelling of queha (“like”),,prep,function_word,EHN_colloquial,Eastern Huasteca Nahuatl,43,nahuatl_kaikki_unified.json,nahuatl_kaikki_unified.json::queja::sense-2,0.95,gloss target: queha (“like”); qu > k before front vowel,prep
