rank,list_name,entry_id,attestation_status,phase7_status,beginner_flag,beginner_rationale,display_form,ehn_spoken_form,msn_headword,current_msn_headword,gloss_en,gloss_es,part_of_speech,semantic_domain,register,variety,pedagogical_score,source_file,source_reference,source_confidence,rule_trace
1,core_ehn_250,kw::axtle::1,EHN_attested,approved_core_candidate,safe,safe: core_everyday_domain,axtle,axtle,axtle,axtle,"no, negative response",,particle,social_interaction,EHN_colloquial,Eastern Huasteca Nahuatl,153,nahuatl_kaikki_unified.json,nahuatl_kaikki_unified.json::axtle::sense-1,0.95,identity
2,core_ehn_250,kw::axtlen::1,EHN_attested,approved_core_candidate,safe,safe: core_everyday_domain,axtlen,axtlen,axtlen,axtlen,"think nothing of it, you're welcome, don't mention it",,intj,social_interaction,EHN_colloquial,Eastern Huasteca Nahuatl,153,nahuatl_kaikki_unified.json,nahuatl_kaikki_unified.json::axtlen::sense-1,0.95,identity
3,core_ehn_250,kw::quena::1,EHN_attested,approved_core_candidate,safe,safe: core_everyday_domain,quena,quena,kena,quena,"yes, positive response",,particle,social_interaction,EHN_colloquial,Eastern Huasteca Nahuatl,153,nahuatl_kaikki_unified.json,nahuatl_kaikki_unified.json::quena::sense-1,0.95,qu > k before front vowel
4,core_ehn_250,kw::pialli::1,EHN_attested,approved_core_candidate,safe,safe: core_everyday_domain,pialli,pialli,pialli,pialli,hello (greeting),,intj,social_interaction,EHN_colloquial,Eastern Huasteca Nahuatl,153,nahuatl_kaikki_unified.json,nahuatl_kaikki_unified.json::pialli::sense-1,0.95,identity
5,core_ehn_250,kw::tonalti::1,EHN_attested,approved_core_candidate,safe,safe: core_everyday_domain,tonalti,tonalti,tonalti,tonalti,good morning (greeting),,intj,social_interaction,EHN_colloquial,Eastern Huasteca Nahuatl,153,nahuatl_kaikki_unified.json,nahuatl_kaikki_unified.json::tonalti::sense-1,0.95,identity
6,core_ehn_250,kw::quehatza-tiitztoc::1,EHN_attested,approved_core_candidate,safe,safe: core_everyday_domain,quehatza tiitztoc,quehatza tiitztoc,kehatsa tiitstok,quehatza tiitztoc,how are you?,,intj,social_interaction,EHN_colloquial,Eastern Huasteca Nahuatl,150,nahuatl_kaikki_unified.json,nahuatl_kaikki_unified.json::quehatza tiitztoc::sense-1,0.95,qu > k before front vowel; z > s; hard c > k
7,core_ehn_250,kw::quehatza-tiya::1,EHN_attested,approved_core_candidate,safe,safe: core_everyday_domain,quehatza tiya,quehatza tiya,kehatsa tiya,quehatza tiya,how's it going?,,intj,social_interaction,EHN_colloquial,Eastern Huasteca Nahuatl,150,nahuatl_kaikki_unified.json,nahuatl_kaikki_unified.json::quehatza tiya::sense-1,0.95,qu > k before front vowel; z > s
8,core_ehn_250,kw::tiotlaquilti::1,EHN_attested,approved_core_candidate,safe,safe: core_everyday_domain,tiotlaquilti,tiotlaquilti,tiotlakilti,tiotlaquilti,good afternoon (greeting),,intj,social_interaction,EHN_colloquial,Eastern Huasteca Nahuatl,150,nahuatl_kaikki_unified.json,nahuatl_kaikki_unified.json::tiotlaquilti::sense-1,0.95,qu > k before front vowel
9,core_ehn_250,kw::tlapoyahualti::1,EHN_attested,approved_core_candidate,safe,safe: core_everyday_domain,tlapoyahualti,tlapoyahualti,tlapoyawalti,tlapoyahualti,good night (greeting),,intj,social_interaction,EHN_colloquial,Eastern Huasteca Nahuatl,150,nahuatl_kaikki_unified.json,nahuatl_kaikki_unified.json::tlapoyahualti::sense-1,0.95,hu> w before vowel
10,core_ehn_250,kw::tlazcamati::1,EHN_attested,approved_core_candidate,safe,safe: core_everyday_domain,tlazcamati,tlazcamati,tlaskamati,tlazcamati,thanks,,intj,social_interaction,EHN_colloquial,Eastern Huasteca Nahuatl,150,nahuatl_kaikki_unified.json,nahuatl_kaikki_unified.json::tlazcamati::sense-1,0.95,z > s; hard c > k
11,core_ehn_250,kw::ax-aqui::1,EHN_attested,approved_core_candidate,safe,safe: core_everyday_domain,ax aqui,ax aqui,ax aki,ax aqui,nobody,,pron,function_word,EHN_colloquial,Eastern Huasteca Nahuatl,148,nahuatl_kaikki_unified.json,nahuatl_kaikki_unified.json::ax aqui::sense-1,0.95,qu > k before front vowel
12,core_ehn_250,kw::miyac::1,EHN_attested,approved_core_candidate,safe,safe: core_everyday_domain,miyac,miyac,miyak,miyac,many,,det,function_word,EHN_colloquial,Eastern Huasteca Nahuatl,148,nahuatl_kaikki_unified.json,nahuatl_kaikki_unified.json::miyac::sense-1,0.95,hard c > k
13,core_ehn_250,kw::pampa::1,EHN_attested,approved_core_candidate,safe,safe: core_everyday_domain,pampa,pampa,pampa,pampa,because,,conj,function_word,EHN_colloquial,Eastern Huasteca Nahuatl,145,nahuatl_kaikki_unified.json,nahuatl_kaikki_unified.json::pampa::sense-1,0.95,identity
14,core_ehn_250,kw::ax-tleno::1,EHN_attested,approved_core_candidate,safe,safe: core_everyday_domain,ax tleno,ax tleno,ax tleno,ax tleno,you're welcome,,intj,social_interaction,EHN_colloquial,Eastern Huasteca Nahuatl,143,nahuatl_kaikki_unified.json,nahuatl_kaikki_unified.json::ax tleno::sense-1,0.95,identity
15,core_ehn_250,kw::achtohui::2,EHN_attested,approved_core_candidate,safe,safe: core_everyday_domain,achtohui,achtohui,achtowi,achtohui,before,,adv,function_word,EHN_colloquial,Eastern Huasteca Nahuatl,141,nahuatl_kaikki_unified.json,nahuatl_kaikki_unified.json::achtohui::sense-2,0.95,hu> w before vowel
16,core_ehn_250,kw::ahqueya::1,EHN_attested,approved_core_candidate,safe,safe: core_everyday_domain,ahqueya,ahqueya,ahkeya,ahqueya,who?,,adv,function_word,EHN_colloquial,Eastern Huasteca Nahuatl,141,nahuatl_kaikki_unified.json,nahuatl_kaikki_unified.json::ahqueya::sense-1,0.95,qu > k before front vowel
17,core_ehn_250,kw::ama::1,EHN_attested,approved_core_candidate,safe,safe: core_everyday_domain,ama,ama,ama,ama,now,,adv,function_word,EHN_colloquial,Eastern Huasteca Nahuatl,141,nahuatl_kaikki_unified.json,nahuatl_kaikki_unified.json::ama::sense-1,0.95,identity
18,core_ehn_250,kw::amantzi::1,EHN_attested,approved_core_candidate,safe,safe: core_everyday_domain,amantzi,amantzi,amantsi,amantzi,right now,,adv,function_word,EHN_colloquial,Eastern Huasteca Nahuatl,141,nahuatl_kaikki_unified.json,nahuatl_kaikki_unified.json::amantzi::sense-1,0.95,z > s
19,core_ehn_250,kw::ax::1,EHN_attested,approved_core_candidate,safe,safe: core_everyday_domain,ax,ax,ax,ax,not,,adv,function_word,EHN_colloquial,Eastern Huasteca Nahuatl,141,nahuatl_kaikki_unified.json,nahuatl_kaikki_unified.json::ax::sense-1,0.95,identity
20,core_ehn_250,kw::aya::1,EHN_attested,approved_core_candidate,safe,safe: core_everyday_domain,aya,aya,aya,aya,not yet,,adv,function_word,EHN_colloquial,Eastern Huasteca Nahuatl,141,nahuatl_kaikki_unified.json,nahuatl_kaikki_unified.json::aya::sense-1,0.95,identity
21,core_ehn_250,kw::campa::4,EHN_attested,approved_core_candidate,safe,safe: core_everyday_domain,campa,campa,kampa,campa,where,,adv,function_word,EHN_colloquial,Eastern Huasteca Nahuatl,141,nahuatl_kaikki_unified.json,nahuatl_kaikki_unified.json::campa::sense-4,0.95,hard c > k
22,core_ehn_250,kw::canque::1,EHN_attested,approved_core_candidate,safe,safe: core_everyday_domain,canque,canque,kanke,canque,where,,adv,function_word,EHN_colloquial,Eastern Huasteca Nahuatl,141,nahuatl_kaikki_unified.json,nahuatl_kaikki_unified.json::canque::sense-1,0.95,qu > k before front vowel; hard c > k
23,core_ehn_250,kw::canque::2,EHN_attested,approved_core_candidate,safe,safe: core_everyday_domain,canque,canque,kanke,canque,"whither, to where",,adv,function_word,EHN_colloquial,Eastern Huasteca Nahuatl,141,nahuatl_kaikki_unified.json,nahuatl_kaikki_unified.json::canque::sense-2,0.95,qu > k before front vowel; hard c > k
24,core_ehn_250,kw::queha::1,EHN_attested,approved_core_candidate,safe,safe: core_everyday_domain,queha,queha,keha,queha,how,,adv,function_word,EHN_colloquial,Eastern Huasteca Nahuatl,141,nahuatl_kaikki_unified.json,nahuatl_kaikki_unified.json::queha::sense-1,0.95,qu > k before front vowel
25,core_ehn_250,kw::quehatza::1,EHN_attested,approved_core_candidate,safe,safe: core_everyday_domain,quehatza,quehatza,kehatsa,quehatza,how,,adv,function_word,EHN_colloquial,Eastern Huasteca Nahuatl,141,nahuatl_kaikki_unified.json,nahuatl_kaikki_unified.json::quehatza::sense-1,0.95,qu > k before front vowel; z > s
26,core_ehn_250,kw::quentzi::1,EHN_attested,approved_core_candidate,safe,safe: core_everyday_domain,quentzi,quentzi,kentsi,quentzi,"little, not much",,adv,function_word,EHN_colloquial,Eastern Huasteca Nahuatl,141,nahuatl_kaikki_unified.json,nahuatl_kaikki_unified.json::quentzi::sense-1,0.95,qu > k before front vowel; z > s
27,core_ehn_250,kw::quezqui::1,EHN_attested,approved_core_candidate,safe,safe: core_everyday_domain,quezqui,quezqui,keski,quezqui,how much?,,adv,function_word,EHN_colloquial,Eastern Huasteca Nahuatl,141,nahuatl_kaikki_unified.json,nahuatl_kaikki_unified.json::quezqui::sense-1,0.95,qu > k before front vowel; z > s
28,core_ehn_250,kw::moztla::2,EHN_attested,approved_core_candidate,safe,safe: core_everyday_domain,moztla,moztla,mostla,moztla,tomorrow,,adv,function_word,EHN_colloquial,Eastern Huasteca Nahuatl,141,nahuatl_kaikki_unified.json,nahuatl_kaikki_unified.json::moztla::sense-2,0.95,z > s
29,core_ehn_250,kw::neca::1,EHN_attested,approved_core_candidate,safe,safe: core_everyday_domain,neca,neca,neka,neca,there,,adv,function_word,EHN_colloquial,Eastern Huasteca Nahuatl,141,nahuatl_kaikki_unified.json,nahuatl_kaikki_unified.json::neca::sense-1,0.95,hard c > k
30,core_ehn_250,kw::nepa::1,EHN_attested,approved_core_candidate,safe,safe: core_everyday_domain,nepa,nepa,nepa,nepa,there,,adv,function_word,EHN_colloquial,Eastern Huasteca Nahuatl,141,nahuatl_kaikki_unified.json,nahuatl_kaikki_unified.json::nepa::sense-1,0.95,identity
31,core_ehn_250,kw::nica::1,EHN_attested,approved_core_candidate,safe,safe: core_everyday_domain,nica,nica,nika,nica,here,,adv,function_word,EHN_colloquial,Eastern Huasteca Nahuatl,141,nahuatl_kaikki_unified.json,nahuatl_kaikki_unified.json::nica::sense-1,0.95,hard c > k
32,core_ehn_250,kw::nicani::1,EHN_attested,approved_core_candidate,safe,safe: core_everyday_domain,nicani,nicani,nikani,nicani,here,,adv,function_word,EHN_colloquial,Eastern Huasteca Nahuatl,141,nahuatl_kaikki_unified.json,nahuatl_kaikki_unified.json::nicani::sense-1,0.95,hard c > k
33,core_ehn_250,kw::nopano::1,EHN_attested,approved_core_candidate,safe,safe: core_everyday_domain,nopano,nopano,nopano,nopano,there,,adv,function_word,EHN_colloquial,Eastern Huasteca Nahuatl,141,nahuatl_kaikki_unified.json,nahuatl_kaikki_unified.json::nopano::sense-1,0.95,identity
34,core_ehn_250,kw::tlen::2,EHN_attested,approved_core_candidate,safe,safe: core_everyday_domain,tlen,tlen,tlen,tlen,what,,adv,function_word,EHN_colloquial,Eastern Huasteca Nahuatl,141,nahuatl_kaikki_unified.json,nahuatl_kaikki_unified.json::tlen::sense-2,0.95,identity
35,core_ehn_250,kw::yalhuaya::1,EHN_attested,approved_core_candidate,safe,safe: core_everyday_domain,yalhuaya,yalhuaya,yalwaya,yalhuaya,yesterday,,adv,function_word,EHN_colloquial,Eastern Huasteca Nahuatl,141,nahuatl_kaikki_unified.json,nahuatl_kaikki_unified.json::yalhuaya::sense-1,0.95,hu> w before vowel
36,core_ehn_250,kw::tlatzintla::1,EHN_attested,approved_core_candidate,safe,safe: core_everyday_domain,tlatzintla,tlatzintla,tlatsintla,tlatzintla,"under, below",,prep,function_word,EHN_colloquial,Eastern Huasteca Nahuatl,140,nahuatl_kaikki_unified.json,nahuatl_kaikki_unified.json::tlatzintla::sense-1,0.95,z > s
37,core_ehn_250,kw::achi::3,EHN_attested,approved_core_candidate,safe,safe: core_everyday_domain,achi,achi,achi,achi,a little,,det,function_word,EHN_colloquial,Eastern Huasteca Nahuatl,138,nahuatl_kaikki_unified.json,nahuatl_kaikki_unified.json::achi::sense-3,0.95,identity
38,core_ehn_250,kw::iaxca::2,EHN_attested,approved_core_candidate,safe,safe: core_everyday_domain,iaxca,iaxca,iaxka,iaxca,"of him, her, it",,pron,function_word,EHN_colloquial,Eastern Huasteca Nahuatl,138,nahuatl_kaikki_unified.json,nahuatl_kaikki_unified.json::iaxca::sense-2,0.95,hard c > k
39,core_ehn_250,kw::ihuaya::1,EHN_attested,approved_core_candidate,safe,safe: core_everyday_domain,ihuaya,ihuaya,iwaya,ihuaya,"with him, her, it",,pron,function_word,EHN_colloquial,Eastern Huasteca Nahuatl,138,nahuatl_kaikki_unified.json,nahuatl_kaikki_unified.json::ihuaya::sense-1,0.95,hu> w before vowel
40,core_ehn_250,kw::moaxca::1,EHN_attested,approved_core_candidate,safe,safe: core_everyday_domain,moaxca,moaxca,moaxka,moaxca,of you,,pron,function_word,EHN_colloquial,Eastern Huasteca Nahuatl,138,nahuatl_kaikki_unified.json,nahuatl_kaikki_unified.json::moaxca::sense-1,0.95,hard c > k
41,core_ehn_250,kw::na::2,EHN_attested,approved_core_candidate,safe,safe: core_everyday_domain,na,na,na,na,first person; I,,pron,function_word,EHN_colloquial,Eastern Huasteca Nahuatl,138,nahuatl_kaikki_unified.json,nahuatl_kaikki_unified.json::na::sense-2,0.95,identity
42,core_ehn_250,kw::naha::1,EHN_attested,approved_core_candidate,safe,safe: core_everyday_domain,naha,naha,naha,naha,first person; I,,pron,function_word,EHN_colloquial,Eastern Huasteca Nahuatl,138,nahuatl_kaikki_unified.json,nahuatl_kaikki_unified.json::naha::sense-1,0.95,identity
43,core_ehn_250,kw::ne::1,EHN_attested,approved_core_candidate,safe,safe: core_everyday_domain,ne,ne,ne,ne,that,,det,function_word,EHN_colloquial,Eastern Huasteca Nahuatl,138,nahuatl_kaikki_unified.json,nahuatl_kaikki_unified.json::ne::sense-1,0.95,identity
44,core_ehn_250,kw::ne::2,EHN_attested,approved_core_candidate,safe,safe: core_everyday_domain,ne,ne,ne,ne,that,,pron,function_word,EHN_colloquial,Eastern Huasteca Nahuatl,138,nahuatl_kaikki_unified.json,nahuatl_kaikki_unified.json::ne::sense-2,0.95,identity
45,core_ehn_250,kw::ni::1,EHN_attested,approved_core_candidate,safe,safe: core_everyday_domain,ni,ni,ni,ni,this,,det,function_word,EHN_colloquial,Eastern Huasteca Nahuatl,138,nahuatl_kaikki_unified.json,nahuatl_kaikki_unified.json::ni::sense-1,0.95,identity
46,core_ehn_250,kw::ni::2,EHN_attested,approved_core_candidate,safe,safe: core_everyday_domain,ni,ni,ni,ni,this,,pron,function_word,EHN_colloquial,Eastern Huasteca Nahuatl,138,nahuatl_kaikki_unified.json,nahuatl_kaikki_unified.json::ni::sense-2,0.95,identity
47,core_ehn_250,kw::noaxca::1,EHN_attested,approved_core_candidate,safe,safe: core_everyday_domain,noaxca,noaxca,noaxka,noaxca,of me,,pron,function_word,EHN_colloquial,Eastern Huasteca Nahuatl,138,nahuatl_kaikki_unified.json,nahuatl_kaikki_unified.json::noaxca::sense-1,0.95,hard c > k
48,core_ehn_250,kw::nochi::1,EHN_attested,approved_core_candidate,safe,safe: core_everyday_domain,nochi,nochi,nochi,nochi,all,,det,function_word,EHN_colloquial,Eastern Huasteca Nahuatl,138,nahuatl_kaikki_unified.json,nahuatl_kaikki_unified.json::nochi::sense-1,0.95,identity
49,core_ehn_250,kw::nopa::1,EHN_attested,approved_core_candidate,safe,safe: core_everyday_domain,nopa,nopa,nopa,nopa,that,,det,function_word,EHN_colloquial,Eastern Huasteca Nahuatl,138,nahuatl_kaikki_unified.json,nahuatl_kaikki_unified.json::nopa::sense-1,0.95,identity
50,core_ehn_250,kw::nopa::2,EHN_attested,approved_core_candidate,safe,safe: core_everyday_domain,nopa,nopa,nopa,nopa,that,,pron,function_word,EHN_colloquial,Eastern Huasteca Nahuatl,138,nahuatl_kaikki_unified.json,nahuatl_kaikki_unified.json::nopa::sense-2,0.95,identity
51,core_ehn_250,kw::para-tlen::1,EHN_attested,approved_core_candidate,safe,safe: core_everyday_domain,para tlen,para tlen,para tlen,para tlen,why?,,adv,function_word,EHN_colloquial,Eastern Huasteca Nahuatl,138,nahuatl_kaikki_unified.json,nahuatl_kaikki_unified.json::para tlen::sense-1,0.95,identity
52,core_ehn_250,kw::cequinoc::1,EHN_attested,approved_core_candidate,safe,safe: core_everyday_domain,cequinoc,cequinoc,sekinok,cequinoc,plural of ceyoc,,det,function_word,EHN_colloquial,Eastern Huasteca Nahuatl,138,nahuatl_kaikki_unified.json,nahuatl_kaikki_unified.json::cequinoc::sense-1,0.95,qu > k before front vowel; soft c > s; hard c > k
53,core_ehn_250,kw::ceyoc::1,EHN_attested,approved_core_candidate,safe,safe: core_everyday_domain,ceyoc,ceyoc,seyok,ceyoc,other,,det,function_word,EHN_colloquial,Eastern Huasteca Nahuatl,138,nahuatl_kaikki_unified.json,nahuatl_kaikki_unified.json::ceyoc::sense-1,0.95,soft c > s; hard c > k
54,core_ehn_250,kw::ta::2,EHN_attested,approved_core_candidate,safe,safe: core_everyday_domain,ta,ta,ta,ta,second person; you (singular),,pron,function_word,EHN_colloquial,Eastern Huasteca Nahuatl,138,nahuatl_kaikki_unified.json,nahuatl_kaikki_unified.json::ta::sense-2,0.95,identity
55,core_ehn_250,kw::taha::1,EHN_attested,approved_core_candidate,safe,safe: core_everyday_domain,taha,taha,taha,taha,second person; you (singular),,pron,function_word,EHN_colloquial,Eastern Huasteca Nahuatl,138,nahuatl_kaikki_unified.json,nahuatl_kaikki_unified.json::taha::sense-1,0.95,identity
56,core_ehn_250,kw::tohuanti::1,EHN_attested,approved_core_candidate,safe,safe: core_everyday_domain,tohuanti,tohuanti,towanti,tohuanti,first person; we,,pron,function_word,EHN_colloquial,Eastern Huasteca Nahuatl,138,nahuatl_kaikki_unified.json,nahuatl_kaikki_unified.json::tohuanti::sense-1,0.95,hu> w before vowel
57,core_ehn_250,kw::ya::2,EHN_attested,approved_core_candidate,safe,safe: core_everyday_domain,ya,ya,ya,ya,"third person; he, she",,pron,function_word,EHN_colloquial,Eastern Huasteca Nahuatl,138,nahuatl_kaikki_unified.json,nahuatl_kaikki_unified.json::ya::sense-2,0.95,identity
58,core_ehn_250,kw::yaha::1,EHN_attested,approved_core_candidate,safe,safe: core_everyday_domain,yaha,yaha,yaha,yaha,"third person; he, she",,pron,function_word,EHN_colloquial,Eastern Huasteca Nahuatl,138,nahuatl_kaikki_unified.json,nahuatl_kaikki_unified.json::yaha::sense-1,0.95,identity
59,core_ehn_250,kw::yahaya::1,EHN_attested,approved_core_candidate,safe,safe: core_everyday_domain,yahaya,yahaya,yahaya,yahaya,"third person; he, she",,pron,function_word,EHN_colloquial,Eastern Huasteca Nahuatl,138,nahuatl_kaikki_unified.json,nahuatl_kaikki_unified.json::yahaya::sense-1,0.95,identity
60,core_ehn_250,kw::yahuanti::1,EHN_attested,approved_core_candidate,safe,safe: core_everyday_domain,yahuanti,yahuanti,yawanti,yahuanti,third person; they,,pron,function_word,EHN_colloquial,Eastern Huasteca Nahuatl,138,nahuatl_kaikki_unified.json,nahuatl_kaikki_unified.json::yahuanti::sense-1,0.95,hu> w before vowel
61,core_ehn_250,kw::amohuanti::1,EHN_attested,approved_core_candidate,safe,safe: core_everyday_domain,amohuanti,amohuanti,amowanti,amohuanti,second person; you (plural),,pron,function_word,EHN_colloquial,Eastern Huasteca Nahuatl,135,nahuatl_kaikki_unified.json,nahuatl_kaikki_unified.json::amohuanti::sense-1,0.95,hu> w before vowel
62,core_ehn_250,kw::imohuanti::1,EHN_attested,approved_core_candidate,safe,safe: core_everyday_domain,imohuanti,imohuanti,imowanti,imohuanti,second person; you (plural),,pron,function_word,EHN_colloquial,Eastern Huasteca Nahuatl,135,nahuatl_kaikki_unified.json,nahuatl_kaikki_unified.json::imohuanti::sense-1,0.95,hu> w before vowel
63,core_ehn_250,kw::ininhuanti::1,EHN_attested,approved_core_candidate,safe,safe: core_everyday_domain,ininhuanti,ininhuanti,ininwanti,ininhuanti,third person; they,,pron,function_word,EHN_colloquial,Eastern Huasteca Nahuatl,135,nahuatl_kaikki_unified.json,nahuatl_kaikki_unified.json::ininhuanti::sense-1,0.95,hu> w before vowel
64,core_ehn_250,kw::intla::1,EHN_attested,approved_core_candidate,safe,safe: core_everyday_domain,intla,intla,intla,intla,if,,conj,function_word,EHN_colloquial,Eastern Huasteca Nahuatl,135,nahuatl_kaikki_unified.json,nahuatl_kaikki_unified.json::intla::sense-1,0.95,identity
65,core_ehn_250,kw::pero::1,EHN_attested,approved_core_candidate,safe,safe: core_everyday_domain,pero,pero,pero,pero,"but, rather",,conj,function_word,EHN_colloquial,Eastern Huasteca Nahuatl,135,nahuatl_kaikki_unified.json,nahuatl_kaikki_unified.json::pero::sense-1,0.95,identity
66,core_ehn_250,kw::tlen::3,EHN_attested,approved_core_candidate,safe,safe: core_everyday_domain,tlen,tlen,tlen,tlen,that,,conj,function_word,EHN_colloquial,Eastern Huasteca Nahuatl,135,nahuatl_kaikki_unified.json,nahuatl_kaikki_unified.json::tlen::sense-3,0.95,identity
67,core_ehn_250,kw::huahca::1,EHN_attested,approved_core_candidate,safe,safe: core_everyday_domain,huahca,huahca,wahka,huahca,then; at that time; next,,conj,function_word,EHN_colloquial,Eastern Huasteca Nahuatl,135,nahuatl_kaikki_unified.json,nahuatl_kaikki_unified.json::huahca::sense-1,0.95,hu> w before vowel; hard c > k
68,core_ehn_250,kw::ahsi::2,EHN_attested,approved_core_candidate,safe,safe: core_everyday_domain,ahsi,ahsi,ahsi,ahsi,to arrive,,verb,verb_action,EHN_colloquial,Eastern Huasteca Nahuatl,133,nahuatl_kaikki_unified.json,nahuatl_kaikki_unified.json::ahsi::sense-2,0.95,identity
69,core_ehn_250,kw::aqui::1,EHN_attested,approved_core_candidate,safe,safe: core_everyday_domain,aqui,aqui,aki,aqui,to be (negative),,verb,verb_action,EHN_colloquial,Eastern Huasteca Nahuatl,133,nahuatl_kaikki_unified.json,nahuatl_kaikki_unified.json::aqui::sense-1,0.95,qu > k before front vowel
70,core_ehn_250,kw::eli::1,EHN_attested,approved_core_candidate,safe,safe: core_everyday_domain,eli,eli,eli,eli,to be,,verb,verb_action,EHN_colloquial,Eastern Huasteca Nahuatl,133,nahuatl_kaikki_unified.json,nahuatl_kaikki_unified.json::eli::sense-1,0.95,identity
71,core_ehn_250,kw::eltoc::1,EHN_attested,approved_core_candidate,safe,safe: core_everyday_domain,eltoc,eltoc,eltok,eltoc,to be,,verb,verb_action,EHN_colloquial,Eastern Huasteca Nahuatl,133,nahuatl_kaikki_unified.json,nahuatl_kaikki_unified.json::eltoc::sense-1,0.95,hard c > k
72,core_ehn_250,kw::ehua::3,EHN_attested,approved_core_candidate,safe,safe: core_everyday_domain,ehua,ehua,ewa,ehua,to be from,,verb,verb_action,EHN_colloquial,Eastern Huasteca Nahuatl,133,nahuatl_kaikki_unified.json,nahuatl_kaikki_unified.json::ehua::sense-3,0.95,hu> w before vowel
73,core_ehn_250,kw::hasta::1,EHN_attested,approved_core_candidate,safe,safe: core_everyday_domain,hasta,hasta,hasta,hasta,until,,prep,function_word,EHN_colloquial,Eastern Huasteca Nahuatl,133,nahuatl_kaikki_unified.json,nahuatl_kaikki_unified.json::hasta::sense-1,0.95,identity
74,core_ehn_250,kw::ipan::3,EHN_attested,approved_core_candidate,safe,safe: core_everyday_domain,ipan,ipan,ipan,ipan,in,,prep,function_word,EHN_colloquial,Eastern Huasteca Nahuatl,133,nahuatl_kaikki_unified.json,nahuatl_kaikki_unified.json::ipan::sense-3,0.95,identity
75,core_ehn_250,kw::itztoc::1,EHN_attested,approved_core_candidate,safe,safe: core_everyday_domain,itztoc,itztoc,itstok,itztoc,to be,,verb,verb_action,EHN_colloquial,Eastern Huasteca Nahuatl,133,nahuatl_kaikki_unified.json,nahuatl_kaikki_unified.json::itztoc::sense-1,0.95,z > s; hard c > k
76,core_ehn_250,kw::camati::1,EHN_attested,approved_core_candidate,safe,safe: core_everyday_domain,camati,camati,kamati,camati,to speak,,verb,verb_action,EHN_colloquial,Eastern Huasteca Nahuatl,133,nahuatl_kaikki_unified.json,nahuatl_kaikki_unified.json::camati::sense-1,0.95,hard c > k
77,core_ehn_250,kw::queha::2,EHN_attested,approved_core_candidate,safe,safe: core_everyday_domain,queha,queha,keha,queha,"like, as",,prep,function_word,EHN_colloquial,Eastern Huasteca Nahuatl,133,nahuatl_kaikki_unified.json,nahuatl_kaikki_unified.json::queha::sense-2,0.95,qu > k before front vowel
78,core_ehn_250,kw::quehatza::2,EHN_attested,approved_core_candidate,safe,safe: core_everyday_domain,quehatza,quehatza,kehatsa,quehatza,"like, as",,prep,function_word,EHN_colloquial,Eastern Huasteca Nahuatl,133,nahuatl_kaikki_unified.json,nahuatl_kaikki_unified.json::quehatza::sense-2,0.95,qu > k before front vowel; z > s
79,core_ehn_250,kw::cochi::3,EHN_attested,approved_core_candidate,safe,safe: core_everyday_domain,cochi,cochi,kochi,cochi,to sleep,,verb,verb_action,EHN_colloquial,Eastern Huasteca Nahuatl,133,nahuatl_kaikki_unified.json,nahuatl_kaikki_unified.json::cochi::sense-3,0.95,hard c > k
80,core_ehn_250,kw::piya::1,EHN_attested,approved_core_candidate,safe,safe: core_everyday_domain,piya,piya,piya,piya,to have,,verb,verb_action,EHN_colloquial,Eastern Huasteca Nahuatl,133,nahuatl_kaikki_unified.json,nahuatl_kaikki_unified.json::piya::sense-1,0.95,identity
81,core_ehn_250,kw::huehcapa::1,EHN_attested,approved_core_candidate,safe,safe: core_everyday_domain,huehcapa,huehcapa,wehkapa,huehcapa,above,,prep,function_word,EHN_colloquial,Eastern Huasteca Nahuatl,133,nahuatl_kaikki_unified.json,nahuatl_kaikki_unified.json::huehcapa::sense-1,0.95,hu> w before vowel; hard c > k
82,core_ehn_250,kw::xolotl::4,EHN_attested,approved_core_candidate,safe,safe: core_everyday_domain,xolotl,xolotl,xolotl,xolotl,to be afraid,,verb,verb_action,EHN_colloquial,Eastern Huasteca Nahuatl,133,nahuatl_kaikki_unified.json,nahuatl_kaikki_unified.json::xolotl::sense-4,0.95,identity
83,core_ehn_250,kw::yahua::1,EHN_attested,approved_core_candidate,safe,safe: core_everyday_domain,yahua,yahua,yawa,yahua,to go,,verb,verb_action,EHN_colloquial,Eastern Huasteca Nahuatl,133,nahuatl_kaikki_unified.json,nahuatl_kaikki_unified.json::yahua::sense-1,0.95,hu> w before vowel
84,core_ehn_250,kw::ax-quema::1,EHN_attested,approved_core_candidate,safe,safe: core_everyday_domain,ax quema,ax quema,ax kema,ax quema,never,,adv,function_word,EHN_colloquial,Eastern Huasteca Nahuatl,131,nahuatl_kaikki_unified.json,nahuatl_kaikki_unified.json::ax quema::sense-1,0.95,qu > k before front vowel
85,core_ehn_250,kw::eltoya::1,EHN_attested,approved_core_candidate,safe,safe: core_everyday_domain,eltoya,eltoya,eltoya,eltoya,very,,adv,function_word,EHN_colloquial,Eastern Huasteca Nahuatl,131,nahuatl_kaikki_unified.json,nahuatl_kaikki_unified.json::eltoya::sense-1,0.95,identity
86,core_ehn_250,kw::atli::2,EHN_attested,approved_core_candidate,safe,safe: core_everyday_domain,atli,atli,atli,atli,to drink water,,verb,food_water,EHN_colloquial,Eastern Huasteca Nahuatl,130,nahuatl_kaikki_unified.json,nahuatl_kaikki_unified.json::atli::sense-2,0.95,identity
87,core_ehn_250,kw::camanalohua::1,EHN_attested,approved_core_candidate,safe,safe: core_everyday_domain,camanalohua,camanalohua,kamanalowa,camanalohua,to speak,,verb,verb_action,EHN_colloquial,Eastern Huasteca Nahuatl,130,nahuatl_kaikki_unified.json,nahuatl_kaikki_unified.json::camanalohua::sense-1,0.95,hu> w before vowel; hard c > k
88,core_ehn_250,kw::mitoniya::1,EHN_attested,approved_core_candidate,safe,safe: core_everyday_domain,mitoniya,mitoniya,mitoniya,mitoniya,to sweat,,verb,food_water,EHN_colloquial,Eastern Huasteca Nahuatl,130,nahuatl_kaikki_unified.json,nahuatl_kaikki_unified.json::mitoniya::sense-1,0.95,identity
89,core_ehn_250,kw::mococohua::1,EHN_attested,approved_core_candidate,safe,safe: core_everyday_domain,mococohua,mococohua,mokokowa,mococohua,to be sick,,verb,verb_action,EHN_colloquial,Eastern Huasteca Nahuatl,130,nahuatl_kaikki_unified.json,nahuatl_kaikki_unified.json::mococohua::sense-1,0.95,hu> w before vowel; hard c > k
90,core_ehn_250,kw::tlahcuilohua::1,EHN_attested,approved_core_candidate,safe,safe: core_everyday_domain,tlahcuilohua,tlahcuilohua,tlahkuilowa,tlahcuilohua,to write,,verb,verb_action,EHN_colloquial,Eastern Huasteca Nahuatl,130,nahuatl_kaikki_unified.json,nahuatl_kaikki_unified.json::tlahcuilohua::sense-1,0.95,hu> w before vowel; hard c > k
91,core_ehn_250,kw::tlahtohua::1,EHN_attested,approved_core_candidate,safe,safe: core_everyday_domain,tlahtohua,tlahtohua,tlahtowa,tlahtohua,"to speak, talk",,verb,verb_action,EHN_colloquial,Eastern Huasteca Nahuatl,130,nahuatl_kaikki_unified.json,nahuatl_kaikki_unified.json::tlahtohua::sense-1,0.95,hu> w before vowel
92,core_ehn_250,kw::tlacua::2,EHN_attested,approved_core_candidate,safe,safe: core_everyday_domain,tlacua,tlacua,tlakua,tlacua,to eat,,verb,food_water,EHN_colloquial,Eastern Huasteca Nahuatl,130,nahuatl_kaikki_unified.json,nahuatl_kaikki_unified.json::tlacua::sense-2,0.95,hard c > k
93,core_ehn_250,kw::tlamacht-a::1,EHN_attested,approved_core_candidate,safe,safe: core_everyday_domain,tlamachtía,tlamachtía,tlamachtía,tlamachtía,to teach,,verb,verb_action,EHN_colloquial,Eastern Huasteca Nahuatl,130,nahuatl_kaikki_unified.json,nahuatl_kaikki_unified.json::tlamachtía::sense-1,0.95,identity
94,core_ehn_250,kw::tlatoniya::1,EHN_attested,approved_core_candidate,safe,safe: core_everyday_domain,tlatoniya,tlatoniya,tlatoniya,tlatoniya,to be hot,,verb,verb_action,EHN_colloquial,Eastern Huasteca Nahuatl,130,nahuatl_kaikki_unified.json,nahuatl_kaikki_unified.json::tlatoniya::sense-1,0.95,identity
95,core_ehn_250,kw::tzompilihui::2,EHN_attested,approved_core_candidate,safe,safe: core_everyday_domain,tzompilihui,tzompilihui,tsompiliwi,tzompilihui,to have a cold,,verb,verb_action,EHN_colloquial,Eastern Huasteca Nahuatl,130,nahuatl_kaikki_unified.json,nahuatl_kaikki_unified.json::tzompilihui::sense-2,0.95,hu> w before vowel; z > s
96,core_ehn_250,kw::conepiya::1,EHN_attested,approved_core_candidate,safe,safe: core_everyday_domain,conepiya,conepiya,konepiya,conepiya,to have a child,,verb,people_family,EHN_colloquial,Eastern Huasteca Nahuatl,128,nahuatl_kaikki_unified.json,nahuatl_kaikki_unified.json::conepiya::sense-1,0.95,hard c > k
97,core_ehn_250,kw::mati::4,EHN_attested,approved_core_candidate,safe,safe: core_everyday_domain,mati,mati,mati,mati,to know,,verb,time_calendar,EHN_colloquial,Eastern Huasteca Nahuatl,128,nahuatl_kaikki_unified.json,nahuatl_kaikki_unified.json::mati::sense-4,0.95,identity
98,core_ehn_250,kw::ahqui::1,EHN_attested,approved_core_candidate,safe,safe: core_everyday_domain,ahqui,ahqui,ahki,ahqui,to swim,,verb,verb_action,EHN_colloquial,Eastern Huasteca Nahuatl,123,nahuatl_kaikki_unified.json,nahuatl_kaikki_unified.json::ahqui::sense-1,0.95,qu > k before front vowel
99,core_ehn_250,kw::ayohtli::3,EHN_attested,approved_core_candidate,safe,safe: core_everyday_domain,ayohtli,ayohtli,ayohtli,ayohtli,"gourd, squash",,noun,verb_action,EHN_colloquial,Eastern Huasteca Nahuatl,123,nahuatl_kaikki_unified.json,nahuatl_kaikki_unified.json::ayohtli::sense-3,0.95,identity
100,core_ehn_250,kw::chivo::1,EHN_attested,approved_core_candidate,safe,safe: core_everyday_domain,chivo,chivo,chivo,chivo,goat,,noun,verb_action,EHN_colloquial,Eastern Huasteca Nahuatl,123,nahuatl_kaikki_unified.json,nahuatl_kaikki_unified.json::chivo::sense-1,0.95,identity
101,core_ehn_250,kw::cholohua::1,EHN_attested,approved_core_candidate,safe,safe: core_everyday_domain,cholohua,cholohua,cholowa,cholohua,to flee,,verb,verb_action,EHN_colloquial,Eastern Huasteca Nahuatl,123,nahuatl_kaikki_unified.json,nahuatl_kaikki_unified.json::cholohua::sense-1,0.95,hu> w before vowel
102,core_ehn_250,kw::firmaroa::1,EHN_attested,approved_core_candidate,safe,safe: core_everyday_domain,firmaroa,firmaroa,firmaroa,firmaroa,to sign,,verb,verb_action,EHN_colloquial,Eastern Huasteca Nahuatl,123,nahuatl_kaikki_unified.json,nahuatl_kaikki_unified.json::firmaroa::sense-1,0.95,identity
103,core_ehn_250,kw::gobierno::1,EHN_attested,approved_core_candidate,safe,safe: core_everyday_domain,gobierno,gobierno,gobierno,gobierno,government,,noun,verb_action,EHN_colloquial,Eastern Huasteca Nahuatl,123,nahuatl_kaikki_unified.json,nahuatl_kaikki_unified.json::gobierno::sense-1,0.95,identity
104,core_ehn_250,kw::calaqui::2,EHN_attested,approved_core_candidate,safe,safe: core_everyday_domain,calaqui,calaqui,kalaki,calaqui,to enter,,verb,verb_action,EHN_colloquial,Eastern Huasteca Nahuatl,123,nahuatl_kaikki_unified.json,nahuatl_kaikki_unified.json::calaqui::sense-2,0.95,qu > k before front vowel; hard c > k
105,core_ehn_250,kw::miqui::3,EHN_attested,approved_core_candidate,safe,safe: core_everyday_domain,miqui,miqui,miki,miqui,to die,,verb,verb_action,EHN_colloquial,Eastern Huasteca Nahuatl,123,nahuatl_kaikki_unified.json,nahuatl_kaikki_unified.json::miqui::sense-3,0.95,qu > k before front vowel
106,core_ehn_250,kw::nehnemi::2,EHN_attested,approved_core_candidate,safe,safe: core_everyday_domain,nehnemi,nehnemi,nehnemi,nehnemi,to walk,,verb,verb_action,EHN_colloquial,Eastern Huasteca Nahuatl,123,nahuatl_kaikki_unified.json,nahuatl_kaikki_unified.json::nehnemi::sense-2,0.95,identity
107,core_ehn_250,kw::tecotli::2,EHN_attested,approved_core_candidate,safe,safe: core_everyday_domain,tecotli,tecotli,tekotli,tecotli,god,,noun,verb_action,EHN_colloquial,Eastern Huasteca Nahuatl,123,nahuatl_kaikki_unified.json,nahuatl_kaikki_unified.json::tecotli::sense-2,0.95,hard c > k
108,core_ehn_250,kw::tepaht-a::1,EHN_attested,approved_core_candidate,safe,safe: core_everyday_domain,tepahtía,tepahtía,tepahtía,tepahtía,to cure,,verb,verb_action,EHN_colloquial,Eastern Huasteca Nahuatl,123,nahuatl_kaikki_unified.json,nahuatl_kaikki_unified.json::tepahtía::sense-1,0.95,identity
109,core_ehn_250,kw::tici::1,EHN_attested,approved_core_candidate,safe,safe: core_everyday_domain,tici,tici,tisi,tici,to grind,,verb,verb_action,EHN_colloquial,Eastern Huasteca Nahuatl,123,nahuatl_kaikki_unified.json,nahuatl_kaikki_unified.json::tici::sense-1,0.95,soft c > s
110,core_ehn_250,kw::tlaxahua::1,EHN_attested,approved_core_candidate,safe,safe: core_everyday_domain,tlaxahua,tlaxahua,tlaxawa,tlaxahua,to dig,,verb,verb_action,EHN_colloquial,Eastern Huasteca Nahuatl,123,nahuatl_kaikki_unified.json,nahuatl_kaikki_unified.json::tlaxahua::sense-1,0.95,hu> w before vowel
111,core_ehn_250,kw::toza::1,EHN_attested,approved_core_candidate,safe,safe: core_everyday_domain,toza,toza,tosa,toza,gopher,,noun,verb_action,EHN_colloquial,Eastern Huasteca Nahuatl,123,nahuatl_kaikki_unified.json,nahuatl_kaikki_unified.json::toza::sense-1,0.95,z > s
112,core_ehn_250,kw::huetzi::2,EHN_attested,approved_core_candidate,safe,safe: core_everyday_domain,huetzi,huetzi,wetsi,huetzi,to fall,,verb,verb_action,EHN_colloquial,Eastern Huasteca Nahuatl,123,nahuatl_kaikki_unified.json,nahuatl_kaikki_unified.json::huetzi::sense-2,0.95,hu> w before vowel; z > s
113,core_ehn_250,kw::huica::3,EHN_attested,approved_core_candidate,safe,safe: core_everyday_domain,huica,huica,wika,huica,to sing,,verb,verb_action,EHN_colloquial,Eastern Huasteca Nahuatl,123,nahuatl_kaikki_unified.json,nahuatl_kaikki_unified.json::huica::sense-3,0.95,hu> w before vowel; hard c > k
114,core_ehn_250,kw::awiyak::2,EHN_attested,approved_core_candidate,safe,safe: core_everyday_domain,awiyak,awiyak,awiyak,awiyak,good-smelling,,adj,verb_action,EHN_colloquial,Eastern Huasteca Nahuatl,121,nahuatl_kaikki_unified.json,nahuatl_kaikki_unified.json::awiyak::sense-2,0.95,identity
115,core_ehn_250,kw::cualli::3,EHN_attested,approved_core_candidate,safe,safe: core_everyday_domain,cualli,cualli,kualli,cualli,good,,adj,verb_action,EHN_colloquial,Eastern Huasteca Nahuatl,121,nahuatl_kaikki_unified.json,nahuatl_kaikki_unified.json::cualli::sense-3,0.95,hard c > k
116,core_ehn_250,kw::apipiyalotl::2,EHN_attested,approved_core_candidate,safe,safe: core_everyday_domain,apipiyalotl,apipiyalotl,apipiyalotl,apipiyalotl,dragonfly,,noun,verb_action,EHN_colloquial,Eastern Huasteca Nahuatl,120,nahuatl_kaikki_unified.json,nahuatl_kaikki_unified.json::apipiyalotl::sense-2,0.95,identity
117,core_ehn_250,kw::atl::6,EHN_attested,approved_core_candidate,safe,safe: core_everyday_domain,atl,atl,atl,atl,water,,noun,food_water,EHN_colloquial,Eastern Huasteca Nahuatl,120,nahuatl_kaikki_unified.json,nahuatl_kaikki_unified.json::atl::sense-6,0.95,identity
118,core_ehn_250,kw::etamalli::3,EHN_attested,approved_core_candidate,safe,safe: core_everyday_domain,etamalli,etamalli,etamalli,etamalli,bean tamale,,noun,food_water,EHN_colloquial,Eastern Huasteca Nahuatl,120,nahuatl_kaikki_unified.json,nahuatl_kaikki_unified.json::etamalli::sense-3,0.95,identity
119,core_ehn_250,kw::etixtli::2,EHN_attested,approved_core_candidate,safe,safe: core_everyday_domain,etixtli,etixtli,etixtli,etixtli,Dough made from ground beans,,noun,food_water,EHN_colloquial,Eastern Huasteca Nahuatl,120,nahuatl_kaikki_unified.json,nahuatl_kaikki_unified.json::etixtli::sense-2,0.95,identity
120,core_ehn_250,kw::etl::4,EHN_attested,approved_core_candidate,safe,safe: core_everyday_domain,etl,etl,etl,etl,bean,,noun,food_water,EHN_colloquial,Eastern Huasteca Nahuatl,120,nahuatl_kaikki_unified.json,nahuatl_kaikki_unified.json::etl::sense-4,0.95,identity
121,core_ehn_250,kw::etzontli::1,EHN_attested,approved_core_candidate,safe,safe: core_everyday_domain,etzontli,etzontli,etsontli,etzontli,a bean bush,,noun,food_water,EHN_colloquial,Eastern Huasteca Nahuatl,120,nahuatl_kaikki_unified.json,nahuatl_kaikki_unified.json::etzontli::sense-1,0.95,z > s
122,core_ehn_250,kw::eyoli::1,EHN_attested,approved_core_candidate,safe,safe: core_everyday_domain,eyoli,eyoli,eyoli,eyoli,bean seed,,noun,food_water,EHN_colloquial,Eastern Huasteca Nahuatl,120,nahuatl_kaikki_unified.json,nahuatl_kaikki_unified.json::eyoli::sense-1,0.95,identity
123,core_ehn_250,kw::cahuatlehco::1,EHN_attested,approved_core_candidate,safe,safe: core_everyday_domain,cahuatlehco,cahuatlehco,kawatlehko,cahuatlehco,to ride a horse,,verb,verb_action,EHN_colloquial,Eastern Huasteca Nahuatl,120,nahuatl_kaikki_unified.json,nahuatl_kaikki_unified.json::cahuatlehco::sense-1,0.95,hu> w before vowel; hard c > k
124,core_ehn_250,kw::nakatl::3,EHN_attested,approved_core_candidate,safe,safe: core_everyday_domain,nakatl,nakatl,nakatl,nakatl,meat,,noun,food_water,EHN_colloquial,Eastern Huasteca Nahuatl,120,nahuatl_kaikki_unified.json,nahuatl_kaikki_unified.json::nakatl::sense-3,0.95,identity
125,core_ehn_250,kw::zayolnectli::1,EHN_attested,approved_core_candidate,safe,safe: core_everyday_domain,zayolnectli,zayolnectli,sayolnektli,zayolnectli,honey from a bee,,noun,verb_action,EHN_colloquial,Eastern Huasteca Nahuatl,120,nahuatl_kaikki_unified.json,nahuatl_kaikki_unified.json::zayolnectli::sense-1,0.95,z > s; hard c > k
126,core_ehn_250,kw::tlamachtihquetl::1,EHN_attested,approved_core_candidate,safe,safe: core_everyday_domain,tlamachtihquetl,tlamachtihquetl,tlamachtihketl,tlamachtihquetl,teacher,,noun,verb_action,EHN_colloquial,Eastern Huasteca Nahuatl,120,nahuatl_kaikki_unified.json,nahuatl_kaikki_unified.json::tlamachtihquetl::sense-1,0.95,qu > k before front vowel
127,core_ehn_250,kw::tlamamalli::1,EHN_attested,approved_core_candidate,safe,safe: core_everyday_domain,tlamamalli,tlamamalli,tlamamalli,tlamamalli,"load, cargo",,noun,verb_action,EHN_colloquial,Eastern Huasteca Nahuatl,120,nahuatl_kaikki_unified.json,nahuatl_kaikki_unified.json::tlamamalli::sense-1,0.95,identity
128,core_ehn_250,kw::tlanahuatihquetl::2,EHN_attested,approved_core_candidate,safe,safe: core_everyday_domain,tlanahuatihquetl,tlanahuatihquetl,tlanawatihketl,tlanahuatihquetl,governor,,noun,verb_action,EHN_colloquial,Eastern Huasteca Nahuatl,120,nahuatl_kaikki_unified.json,nahuatl_kaikki_unified.json::tlanahuatihquetl::sense-2,0.95,hu> w before vowel; qu > k before front vowel
129,core_ehn_250,kw::tlanahuat-a::2,EHN_attested,approved_core_candidate,safe,safe: core_everyday_domain,tlanahuatía,tlanahuatía,tlanawatía,tlanahuatía,to send,,verb,verb_action,EHN_colloquial,Eastern Huasteca Nahuatl,120,nahuatl_kaikki_unified.json,nahuatl_kaikki_unified.json::tlanahuatía::sense-2,0.95,hu> w before vowel
130,core_ehn_250,kw::waleyah::1,EHN_attested,approved_core_candidate,safe,safe: core_everyday_domain,waleyah,waleyah,waleyah,waleyah,watermelon,,noun,food_water,EHN_colloquial,Eastern Huasteca Nahuatl,120,nahuatl_kaikki_unified.json,nahuatl_kaikki_unified.json::waleyah::sense-1,0.95,identity
131,core_ehn_250,kw::amigo::1,EHN_attested,approved_core_candidate,safe,safe: core_everyday_domain,amigo,amigo,amigo,amigo,friend,,noun,people_family,EHN_colloquial,Eastern Huasteca Nahuatl,118,nahuatl_kaikki_unified.json,nahuatl_kaikki_unified.json::amigo::sense-1,0.95,identity
132,core_ehn_250,kw::siwatl::1,EHN_attested,approved_core_candidate,safe,safe: core_everyday_domain,siwatl,siwatl,siwatl,siwatl,woman,,noun,people_family,EHN_colloquial,Eastern Huasteca Nahuatl,118,nahuatl_kaikki_unified.json,nahuatl_kaikki_unified.json::siwatl::sense-1,0.95,identity
133,core_ehn_250,kw::tlacatl::6,EHN_attested,approved_core_candidate,safe,safe: core_everyday_domain,tlacatl,tlacatl,tlakatl,tlacatl,man,,noun,people_family,EHN_colloquial,Eastern Huasteca Nahuatl,118,nahuatl_kaikki_unified.json,nahuatl_kaikki_unified.json::tlacatl::sense-6,0.95,hard c > k
134,core_ehn_250,kw::huampo::1,EHN_attested,approved_core_candidate,safe,safe: core_everyday_domain,huampo,huampo,wampo,huampo,friend,,noun,people_family,EHN_colloquial,Eastern Huasteca Nahuatl,118,nahuatl_kaikki_unified.json,nahuatl_kaikki_unified.json::huampo::sense-1,0.95,hu> w before vowel
135,core_ehn_250,kw::hueyi::3,EHN_attested,approved_core_candidate,safe,safe: core_everyday_domain,hueyi,hueyi,weyi,hueyi,"big, great",,adj,food_water,EHN_colloquial,Eastern Huasteca Nahuatl,118,nahuatl_kaikki_unified.json,nahuatl_kaikki_unified.json::hueyi::sense-3,0.95,hu> w before vowel
136,core_ehn_250,kw::exinachtli::1,EHN_attested,approved_core_candidate,safe,safe: core_everyday_domain,exinachtli,exinachtli,exinachtli,exinachtli,bean seed,,noun,food_water,EHN_colloquial,Eastern Huasteca Nahuatl,117,nahuatl_kaikki_unified.json,nahuatl_kaikki_unified.json::exinachtli::sense-1,0.95,identity
137,core_ehn_250,kw::miquiliztli::3,EHN_attested,approved_core_candidate,safe,safe: core_everyday_domain,miquiliztli,miquiliztli,mikilistli,miquiliztli,death,,noun,food_water,EHN_colloquial,Eastern Huasteca Nahuatl,117,nahuatl_kaikki_unified.json,nahuatl_kaikki_unified.json::miquiliztli::sense-3,0.95,qu > k before front vowel; z > s
138,core_ehn_250,kw::tlaxcaloa::1,EHN_attested,approved_core_candidate,safe,safe: core_everyday_domain,tlaxcaloa,tlaxcaloa,tlaxkaloa,tlaxcaloa,to make tortillas,,verb,food_water,EHN_colloquial,Eastern Huasteca Nahuatl,117,nahuatl_kaikki_unified.json,nahuatl_kaikki_unified.json::tlaxcaloa::sense-1,0.95,hard c > k
139,core_ehn_250,kw::tlaxkaloa::1,EHN_attested,approved_core_candidate,safe,safe: core_everyday_domain,tlaxkaloa,tlaxkaloa,tlaxkaloa,tlaxkaloa,To make tortillas,,verb,food_water,EHN_colloquial,Eastern Huasteca Nahuatl,117,nahuatl_kaikki_unified.json,nahuatl_kaikki_unified.json::tlaxkaloa::sense-1,0.95,identity
140,core_ehn_250,kw::tzopelatl::2,EHN_attested,approved_core_candidate,safe,safe: core_everyday_domain,tzopelatl,tzopelatl,tsopelatl,tzopelatl,soda (drink),,noun,food_water,EHN_colloquial,Eastern Huasteca Nahuatl,117,nahuatl_kaikki_unified.json,nahuatl_kaikki_unified.json::tzopelatl::sense-2,0.95,z > s
141,core_ehn_250,kw::amatl::6,EHN_attested,approved_core_candidate,safe,safe: core_everyday_domain,amatl,amatl,amatl,amatl,paper,,noun,home_objects,EHN_colloquial,Eastern Huasteca Nahuatl,116,nahuatl_kaikki_unified.json,nahuatl_kaikki_unified.json::amatl::sense-6,0.95,identity
142,core_ehn_250,kw::amatl::7,EHN_attested,approved_core_candidate,safe,safe: core_everyday_domain,amatl,amatl,amatl,amatl,book,,noun,home_objects,EHN_colloquial,Eastern Huasteca Nahuatl,116,nahuatl_kaikki_unified.json,nahuatl_kaikki_unified.json::amatl::sense-7,0.95,identity
143,core_ehn_250,kw::calli::5,EHN_attested,approved_core_candidate,safe,safe: core_everyday_domain,calli,calli,kalli,calli,house,,noun,home_objects,EHN_colloquial,Eastern Huasteca Nahuatl,116,nahuatl_kaikki_unified.json,nahuatl_kaikki_unified.json::calli::sense-5,0.95,hard c > k
144,core_ehn_250,kw::cartilla::1,EHN_attested,approved_core_candidate,safe,safe: core_everyday_domain,cartilla,cartilla,kartilla,cartilla,"card, book",,noun,home_objects,EHN_colloquial,Eastern Huasteca Nahuatl,116,nahuatl_kaikki_unified.json,nahuatl_kaikki_unified.json::cartilla::sense-1,0.95,hard c > k
145,core_ehn_250,kw::libro::1,EHN_attested,approved_core_candidate,safe,safe: core_everyday_domain,libro,libro,libro,libro,book,,noun,home_objects,EHN_colloquial,Eastern Huasteca Nahuatl,116,nahuatl_kaikki_unified.json,nahuatl_kaikki_unified.json::libro::sense-1,0.95,identity
146,core_ehn_250,kw::alaxoxtontli::1,EHN_attested,approved_core_candidate,safe,safe: core_everyday_domain,alaxoxtontli,alaxoxtontli,alaxoxtontli,alaxoxtontli,mandarine,,noun,people_family,EHN_colloquial,Eastern Huasteca Nahuatl,115,nahuatl_kaikki_unified.json,nahuatl_kaikki_unified.json::alaxoxtontli::sense-1,0.95,identity
147,core_ehn_250,kw::ichpocatl::1,EHN_attested,approved_core_candidate,safe,safe: core_everyday_domain,ichpocatl,ichpocatl,ichpokatl,ichpocatl,young woman,,noun,people_family,EHN_colloquial,Eastern Huasteca Nahuatl,115,nahuatl_kaikki_unified.json,nahuatl_kaikki_unified.json::ichpocatl::sense-1,0.95,hard c > k
148,core_ehn_250,kw::camanalohquetl::1,EHN_attested,approved_core_candidate,safe,safe: core_everyday_domain,camanalohquetl,camanalohquetl,kamanalohketl,camanalohquetl,speaker,,noun,people_family,EHN_colloquial,Eastern Huasteca Nahuatl,115,nahuatl_kaikki_unified.json,nahuatl_kaikki_unified.json::camanalohquetl::sense-1,0.95,qu > k before front vowel; hard c > k
149,core_ehn_250,kw::kamanaltiketl::1,EHN_attested,approved_core_candidate,safe,safe: core_everyday_domain,kamanaltiketl,kamanaltiketl,kamanaltiketl,kamanaltiketl,speaker,,noun,people_family,EHN_colloquial,Eastern Huasteca Nahuatl,115,nahuatl_kaikki_unified.json,nahuatl_kaikki_unified.json::kamanaltiketl::sense-1,0.95,identity
150,core_ehn_250,kw::mangocuahuitl::1,EHN_attested,approved_core_candidate,safe,safe: core_everyday_domain,mangocuahuitl,mangocuahuitl,mangokuawitl,mangocuahuitl,mango tree,,noun,people_family,EHN_colloquial,Eastern Huasteca Nahuatl,115,nahuatl_kaikki_unified.json,nahuatl_kaikki_unified.json::mangocuahuitl::sense-1,0.95,hu> w before vowel; hard c > k
151,core_ehn_250,kw::oquichtli::5,EHN_attested,approved_core_candidate,safe,safe: core_everyday_domain,oquichtli,oquichtli,okichtli,oquichtli,man,,noun,people_family,EHN_colloquial,Eastern Huasteca Nahuatl,115,nahuatl_kaikki_unified.json,nahuatl_kaikki_unified.json::oquichtli::sense-5,0.95,qu > k before front vowel
152,core_ehn_250,kw::otonlalax::2,EHN_attested,approved_core_candidate,safe,safe: core_everyday_domain,otonlalax,otonlalax,otonlalax,otonlalax,mandarin orange,,noun,people_family,EHN_colloquial,Eastern Huasteca Nahuatl,115,nahuatl_kaikki_unified.json,nahuatl_kaikki_unified.json::otonlalax::sense-2,0.95,identity
153,core_ehn_250,kw::pilconetzi::1,EHN_attested,approved_core_candidate,safe,safe: core_everyday_domain,pilconetzi,pilconetzi,pilkonetsi,pilconetzi,child,,noun,people_family,EHN_colloquial,Eastern Huasteca Nahuatl,115,nahuatl_kaikki_unified.json,nahuatl_kaikki_unified.json::pilconetzi::sense-1,0.95,z > s; hard c > k
154,core_ehn_250,kw::citlal-cetl::1,EHN_attested,approved_core_candidate,safe,safe: core_everyday_domain,citlal cetl,citlal cetl,sitlal setl,citlal cetl,snow,,noun,time_calendar,EHN_colloquial,Eastern Huasteca Nahuatl,115,nahuatl_kaikki_unified.json,nahuatl_kaikki_unified.json::citlal cetl::sense-1,0.95,soft c > s
155,core_ehn_250,kw::telpokatl::1,EHN_attested,approved_core_candidate,safe,safe: core_everyday_domain,telpokatl,telpokatl,telpokatl,telpokatl,"young person, young man",,noun,people_family,EHN_colloquial,Eastern Huasteca Nahuatl,115,nahuatl_kaikki_unified.json,nahuatl_kaikki_unified.json::telpokatl::sense-1,0.95,identity
156,core_ehn_250,kw::huacaxcuitlatl::1,EHN_attested,approved_core_candidate,safe,safe: core_everyday_domain,huacaxcuitlatl,huacaxcuitlatl,wakaxkuitlatl,huacaxcuitlatl,cow manure,,noun,people_family,EHN_colloquial,Eastern Huasteca Nahuatl,115,nahuatl_kaikki_unified.json,nahuatl_kaikki_unified.json::huacaxcuitlatl::sense-1,0.95,hu> w before vowel; hard c > k
157,core_ehn_250,kw::huehuentzi::2,EHN_attested,approved_core_candidate,safe,safe: core_everyday_domain,huehuentzi,huehuentzi,wewentsi,huehuentzi,old man,,noun,people_family,EHN_colloquial,Eastern Huasteca Nahuatl,115,nahuatl_kaikki_unified.json,nahuatl_kaikki_unified.json::huehuentzi::sense-2,0.95,hu> w before vowel; z > s
158,core_ehn_250,kw::pezohtli::3,EHN_attested,approved_core_candidate,safe,safe: core_everyday_domain,pezohtli,pezohtli,pesohtli,pezohtli,"badger, coati",,noun,quality_color,EHN_colloquial,Eastern Huasteca Nahuatl,114,nahuatl_kaikki_unified.json,nahuatl_kaikki_unified.json::pezohtli::sense-3,0.95,z > s
159,core_ehn_250,kw::tleno::1,EHN_attested,approved_core_candidate,safe,safe: core_everyday_domain,tleno,tleno,tleno,tleno,nothing,,noun,quality_color,EHN_colloquial,Eastern Huasteca Nahuatl,114,nahuatl_kaikki_unified.json,nahuatl_kaikki_unified.json::tleno::sense-1,0.95,identity
160,core_ehn_250,kw::metatl::1,EHN_attested,approved_core_candidate,safe,safe: core_everyday_domain,metatl,metatl,metatl,metatl,"metate, grinding stone",,noun,verb_action,EHN_colloquial,Eastern Huasteca Nahuatl,113,nahuatl_kaikki_unified.json,nahuatl_kaikki_unified.json::metatl::sense-1,0.95,identity
161,core_ehn_250,kw::zacacalli::1,EHN_attested,approved_core_candidate,safe,safe: core_everyday_domain,zacacalli,zacacalli,sakakalli,zacacalli,hay storehouse,,noun,home_objects,EHN_colloquial,Eastern Huasteca Nahuatl,113,nahuatl_kaikki_unified.json,nahuatl_kaikki_unified.json::zacacalli::sense-1,0.95,z > s; hard c > k
162,core_ehn_250,kw::soldado::1,EHN_attested,approved_core_candidate,safe,safe: core_everyday_domain,soldado,soldado,soldado,soldado,soldier,,noun,verb_action,EHN_colloquial,Eastern Huasteca Nahuatl,113,nahuatl_kaikki_unified.json,nahuatl_kaikki_unified.json::soldado::sense-1,0.95,identity
163,core_ehn_250,kw::tizquetl::1,EHN_attested,approved_core_candidate,safe,safe: core_everyday_domain,tizquetl,tizquetl,tisketl,tizquetl,"a miller, grinder",,noun,verb_action,EHN_colloquial,Eastern Huasteca Nahuatl,113,nahuatl_kaikki_unified.json,nahuatl_kaikki_unified.json::tizquetl::sense-1,0.95,qu > k before front vowel; z > s
164,core_ehn_250,kw::tlapechtli::3,EHN_attested,approved_core_candidate,safe,safe: core_everyday_domain,tlapechtli,tlapechtli,tlapechtli,tlapechtli,bed,,noun,home_objects,EHN_colloquial,Eastern Huasteca Nahuatl,113,nahuatl_kaikki_unified.json,nahuatl_kaikki_unified.json::tlapechtli::sense-3,0.95,identity
165,core_ehn_250,kw::onca::1,EHN_attested,approved_core_candidate,safe,safe: general_everyday_candidate,onca,onca,onka,onca,there is,,verb,general,EHN_colloquial,Eastern Huasteca Nahuatl,112,nahuatl_kaikki_unified.json,nahuatl_kaikki_unified.json::onca::sense-1,0.95,hard c > k
166,core_ehn_250,kw::huetztoc::1,EHN_attested,approved_core_candidate,safe,safe: core_everyday_domain,huetztoc,huetztoc,wetstok,huetztoc,fallen,,adj,verb_action,EHN_colloquial,Eastern Huasteca Nahuatl,111,nahuatl_kaikki_unified.json,nahuatl_kaikki_unified.json::huetztoc::sense-1,0.95,hu> w before vowel; z > s; hard c > k
167,core_ehn_250,kw::alaxox::1,EHN_attested,approved_core_candidate,safe,safe: core_everyday_domain,alaxox,alaxox,alaxox,alaxox,orange,,noun,food_water,EHN_colloquial,Eastern Huasteca Nahuatl,110,nahuatl_kaikki_unified.json,nahuatl_kaikki_unified.json::alaxox::sense-1,0.95,identity
168,core_ehn_250,kw::awakatl::2,EHN_attested,approved_core_candidate,safe,safe: core_everyday_domain,awakatl,awakatl,awakatl,awakatl,avocado,,noun,food_water,EHN_colloquial,Eastern Huasteca Nahuatl,110,nahuatl_kaikki_unified.json,nahuatl_kaikki_unified.json::awakatl::sense-2,0.95,identity
169,core_ehn_250,kw::chilli::3,EHN_attested,approved_core_candidate,safe,safe: core_everyday_domain,chilli,chilli,chilli,chilli,chili pepper,,noun,food_water,EHN_colloquial,Eastern Huasteca Nahuatl,110,nahuatl_kaikki_unified.json,nahuatl_kaikki_unified.json::chilli::sense-3,0.95,identity
170,core_ehn_250,kw::cafe::1,EHN_attested,approved_core_candidate,safe,safe: core_everyday_domain,cafe,cafe,kafe,cafe,coffee,,noun,food_water,EHN_colloquial,Eastern Huasteca Nahuatl,110,nahuatl_kaikki_unified.json,nahuatl_kaikki_unified.json::cafe::sense-1,0.95,hard c > k
171,core_ehn_250,kw::komalli::2,EHN_attested,approved_core_candidate,safe,safe: core_everyday_domain,komalli,komalli,komalli,komalli,a pan used to grill tortillas,,noun,food_water,EHN_colloquial,Eastern Huasteca Nahuatl,110,nahuatl_kaikki_unified.json,nahuatl_kaikki_unified.json::komalli::sense-2,0.95,identity
172,core_ehn_250,kw::lalax::4,EHN_attested,approved_core_candidate,safe,safe: core_everyday_domain,lalax,lalax,lalax,lalax,orange (fruit),,noun,food_water,EHN_colloquial,Eastern Huasteca Nahuatl,110,nahuatl_kaikki_unified.json,nahuatl_kaikki_unified.json::lalax::sense-4,0.95,identity
173,core_ehn_250,kw::milli::3,EHN_attested,approved_core_candidate,safe,safe: core_everyday_domain,milli,milli,milli,milli,Cultivated field; milpa,,noun,food_water,EHN_colloquial,Eastern Huasteca Nahuatl,110,nahuatl_kaikki_unified.json,nahuatl_kaikki_unified.json::milli::sense-3,0.95,identity
174,core_ehn_250,kw::pantzi::1,EHN_attested,approved_core_candidate,safe,safe: core_everyday_domain,pantzi,pantzi,pantsi,pantzi,bread,,noun,food_water,EHN_colloquial,Eastern Huasteca Nahuatl,110,nahuatl_kaikki_unified.json,nahuatl_kaikki_unified.json::pantzi::sense-1,0.95,z > s
175,core_ehn_250,kw::tamalli::3,EHN_attested,approved_core_candidate,safe,safe: core_everyday_domain,tamalli,tamalli,tamalli,tamalli,tamale,,noun,food_water,EHN_colloquial,Eastern Huasteca Nahuatl,110,nahuatl_kaikki_unified.json,nahuatl_kaikki_unified.json::tamalli::sense-3,0.95,identity
176,core_ehn_250,kw::tixtli::1,EHN_attested,approved_core_candidate,safe,safe: core_everyday_domain,tixtli,tixtli,tixtli,tixtli,dough (food),,noun,food_water,EHN_colloquial,Eastern Huasteca Nahuatl,110,nahuatl_kaikki_unified.json,nahuatl_kaikki_unified.json::tixtli::sense-1,0.95,identity
177,core_ehn_250,kw::tlanextilihcayotl::1,EHN_attested,approved_core_candidate,safe,safe: core_everyday_domain,tlanextilihcayotl,tlanextilihcayotl,tlanextilihkayotl,tlanextilihcayotl,"sign, wonder, miracle",,noun,verb_action,EHN_colloquial,Eastern Huasteca Nahuatl,110,nahuatl_kaikki_unified.json,nahuatl_kaikki_unified.json::tlanextilihcayotl::sense-1,0.95,hard c > k
178,core_ehn_250,kw::ax-cualli::1,EHN_attested,approved_core_candidate,safe,safe: core_everyday_domain,ax cualli,ax cualli,ax kualli,ax cualli,bad,,adj,quality_color,EHN_colloquial,Eastern Huasteca Nahuatl,109,nahuatl_kaikki_unified.json,nahuatl_kaikki_unified.json::ax cualli::sense-1,0.95,hard c > k
179,core_ehn_250,kw::acahya::1,EHN_attested,approved_core_candidate,safe,safe: core_everyday_domain,acahya,acahya,akahya,acahya,companion,,noun,people_family,EHN_colloquial,Eastern Huasteca Nahuatl,108,nahuatl_kaikki_unified.json,nahuatl_kaikki_unified.json::acahya::sense-1,0.95,hard c > k
180,core_ehn_250,kw::awiyak::1,EHN_attested,approved_core_candidate,safe,safe: core_everyday_domain,awiyak,awiyak,awiyak,awiyak,tasty,,adj,food_water,EHN_colloquial,Eastern Huasteca Nahuatl,108,nahuatl_kaikki_unified.json,nahuatl_kaikki_unified.json::awiyak::sense-1,0.95,identity
181,core_ehn_250,kw::chilcoz::1,EHN_attested,approved_core_candidate,safe,safe: core_everyday_domain,chilcoz,chilcoz,chilkos,chilcoz,orange,,adj,food_water,EHN_colloquial,Eastern Huasteca Nahuatl,108,nahuatl_kaikki_unified.json,nahuatl_kaikki_unified.json::chilcoz::sense-1,0.95,z > s; hard c > k
182,core_ehn_250,kw::ihnaloc::1,EHN_attested,approved_core_candidate,safe,safe: core_everyday_domain,ihnaloc,ihnaloc,ihnalok,ihnaloc,morning,,noun,time_calendar,EHN_colloquial,Eastern Huasteca Nahuatl,108,nahuatl_kaikki_unified.json,nahuatl_kaikki_unified.json::ihnaloc::sense-1,0.95,hard c > k
183,core_ehn_250,kw::ihnalpa::1,EHN_attested,approved_core_candidate,safe,safe: core_everyday_domain,ihnalpa,ihnalpa,ihnalpa,ihnalpa,morning,,noun,time_calendar,EHN_colloquial,Eastern Huasteca Nahuatl,108,nahuatl_kaikki_unified.json,nahuatl_kaikki_unified.json::ihnalpa::sense-1,0.95,identity
184,core_ehn_250,kw::inana::1,EHN_attested,approved_core_candidate,safe,safe: core_everyday_domain,inana,inana,inana,inana,"his, her, its mother",,noun,people_family,EHN_colloquial,Eastern Huasteca Nahuatl,108,nahuatl_kaikki_unified.json,nahuatl_kaikki_unified.json::inana::sense-1,0.95,identity
185,core_ehn_250,kw::ipohual::1,EHN_attested,approved_core_candidate,safe,safe: core_everyday_domain,ipohual,ipohual,ipowal,ipohual,season,,noun,people_family,EHN_colloquial,Eastern Huasteca Nahuatl,108,nahuatl_kaikki_unified.json,nahuatl_kaikki_unified.json::ipohual::sense-1,0.95,hu> w before vowel
186,core_ehn_250,kw::itata::1,EHN_attested,approved_core_candidate,safe,safe: core_everyday_domain,itata,itata,itata,itata,"his, her, its father",,noun,people_family,EHN_colloquial,Eastern Huasteca Nahuatl,108,nahuatl_kaikki_unified.json,nahuatl_kaikki_unified.json::itata::sense-1,0.95,identity
187,core_ehn_250,kw::ixhui::2,EHN_attested,approved_core_candidate,safe,safe: core_everyday_domain,ixhui,ixhui,ixwi,ixhui,grandson,,noun,people_family,EHN_colloquial,Eastern Huasteca Nahuatl,108,nahuatl_kaikki_unified.json,nahuatl_kaikki_unified.json::ixhui::sense-2,0.95,hu> w before vowel
188,core_ehn_250,kw::konetl::1,EHN_attested,approved_core_candidate,safe,safe: core_everyday_domain,konetl,konetl,konetl,konetl,son,,noun,people_family,EHN_colloquial,Eastern Huasteca Nahuatl,108,nahuatl_kaikki_unified.json,nahuatl_kaikki_unified.json::konetl::sense-1,0.95,identity
189,core_ehn_250,kw::mayana::3,EHN_attested,approved_core_candidate,safe,safe: core_everyday_domain,mayana,mayana,mayana,mayana,hungry,,adj,food_water,EHN_colloquial,Eastern Huasteca Nahuatl,108,nahuatl_kaikki_unified.json,nahuatl_kaikki_unified.json::mayana::sense-3,0.95,identity
190,core_ehn_250,kw::metztli::8,EHN_attested,approved_core_candidate,safe,safe: core_everyday_domain,metztli,metztli,metstli,metztli,month,,noun,time_calendar,EHN_colloquial,Eastern Huasteca Nahuatl,108,nahuatl_kaikki_unified.json,nahuatl_kaikki_unified.json::metztli::sense-8,0.95,z > s
191,core_ehn_250,kw::mexikatl::2,EHN_attested,approved_core_candidate,safe,safe: core_everyday_domain,mexikatl,mexikatl,mexikatl,mexikatl,"Mexican, Nahuan people",,noun,people_family,EHN_colloquial,Eastern Huasteca Nahuatl,108,nahuatl_kaikki_unified.json,nahuatl_kaikki_unified.json::mexikatl::sense-2,0.95,identity
192,core_ehn_250,kw::sehco::1,EHN_attested,approved_core_candidate,safe,safe: core_everyday_domain,sehco,sehco,sehko,sehco,people,,noun,people_family,EHN_colloquial,Eastern Huasteca Nahuatl,108,nahuatl_kaikki_unified.json,nahuatl_kaikki_unified.json::sehco::sense-1,0.95,hard c > k
193,core_ehn_250,kw::tlayohua::1,EHN_attested,approved_core_candidate,safe,safe: core_everyday_domain,tlayohua,tlayohua,tlayowa,tlayohua,night,,noun,time_calendar,EHN_colloquial,Eastern Huasteca Nahuatl,108,nahuatl_kaikki_unified.json,nahuatl_kaikki_unified.json::tlayohua::sense-1,0.95,hu> w before vowel
194,core_ehn_250,kw::huicatl::1,EHN_attested,approved_core_candidate,safe,safe: core_everyday_domain,huicatl,huicatl,wikatl,huicatl,song,,noun,people_family,EHN_colloquial,Eastern Huasteca Nahuatl,108,nahuatl_kaikki_unified.json,nahuatl_kaikki_unified.json::huicatl::sense-1,0.95,hu> w before vowel; hard c > k
195,core_ehn_250,kw::xopan::3,EHN_attested,approved_core_candidate,safe,safe: core_everyday_domain,xopan,xopan,xopan,xopan,spring (season),,noun,people_family,EHN_colloquial,Eastern Huasteca Nahuatl,108,nahuatl_kaikki_unified.json,nahuatl_kaikki_unified.json::xopan::sense-3,0.95,identity
196,core_ehn_250,kw::achakalin::1,EHN_attested,approved_core_candidate,safe,safe: core_everyday_domain,achakalin,achakalin,achakalin,achakalin,shrimp,,noun,food_water,EHN_colloquial,Eastern Huasteca Nahuatl,107,nahuatl_kaikki_unified.json,nahuatl_kaikki_unified.json::achakalin::sense-1,0.95,identity
197,core_ehn_250,kw::ahuacacuahuitl::3,EHN_attested,approved_core_candidate,safe,safe: core_everyday_domain,ahuacacuahuitl,ahuacacuahuitl,awakakuawitl,ahuacacuahuitl,avocado tree,,noun,food_water,EHN_colloquial,Eastern Huasteca Nahuatl,107,nahuatl_kaikki_unified.json,nahuatl_kaikki_unified.json::ahuacacuahuitl::sense-3,0.95,hu> w before vowel; hard c > k
198,core_ehn_250,kw::chilcaxitl::1,EHN_attested,approved_core_candidate,safe,safe: core_everyday_domain,chilcaxitl,chilcaxitl,chilkaxitl,chilcaxitl,"Molcajete, a traditional Mexican stone tool, equivalent in function to a mortar and pestle, used for grinding food",,noun,food_water,EHN_colloquial,Eastern Huasteca Nahuatl,107,nahuatl_kaikki_unified.json,nahuatl_kaikki_unified.json::chilcaxitl::sense-1,0.95,hard c > k
199,core_ehn_250,kw::chocolatl::3,EHN_attested,approved_core_candidate,safe,safe: core_everyday_domain,chocolatl,chocolatl,chokolatl,chocolatl,chocolate,,noun,food_water,EHN_colloquial,Eastern Huasteca Nahuatl,107,nahuatl_kaikki_unified.json,nahuatl_kaikki_unified.json::chocolatl::sense-3,0.95,hard c > k
200,core_ehn_250,kw::lalaxcuahuitl::2,EHN_attested,approved_core_candidate,safe,safe: core_everyday_domain,lalaxcuahuitl,lalaxcuahuitl,lalaxkuawitl,lalaxcuahuitl,orange tree,,noun,food_water,EHN_colloquial,Eastern Huasteca Nahuatl,107,nahuatl_kaikki_unified.json,nahuatl_kaikki_unified.json::lalaxcuahuitl::sense-2,0.95,hu> w before vowel; hard c > k
201,core_ehn_250,kw::michtlacualli::1,EHN_attested,approved_core_candidate,safe,safe: core_everyday_domain,michtlacualli,michtlacualli,michtlakualli,michtlacualli,fish (food),,noun,food_water,EHN_colloquial,Eastern Huasteca Nahuatl,107,nahuatl_kaikki_unified.json,nahuatl_kaikki_unified.json::michtlacualli::sense-1,0.95,hard c > k
202,core_ehn_250,kw::tlacualiztli::1,EHN_attested,approved_core_candidate,safe,safe: core_everyday_domain,tlacualiztli,tlacualiztli,tlakualistli,tlacualiztli,food,,noun,food_water,EHN_colloquial,Eastern Huasteca Nahuatl,107,nahuatl_kaikki_unified.json,nahuatl_kaikki_unified.json::tlacualiztli::sense-1,0.95,z > s; hard c > k
203,core_ehn_250,kw::tlacualli::3,EHN_attested,approved_core_candidate,safe,safe: core_everyday_domain,tlacualli,tlacualli,tlakualli,tlacualli,food,,noun,food_water,EHN_colloquial,Eastern Huasteca Nahuatl,107,nahuatl_kaikki_unified.json,nahuatl_kaikki_unified.json::tlacualli::sense-3,0.95,hard c > k
204,core_ehn_250,kw::tlaxcalli::4,EHN_attested,approved_core_candidate,safe,safe: core_everyday_domain,tlaxcalli,tlaxcalli,tlaxkalli,tlaxcalli,tortilla,,noun,food_water,EHN_colloquial,Eastern Huasteca Nahuatl,107,nahuatl_kaikki_unified.json,nahuatl_kaikki_unified.json::tlaxcalli::sense-4,0.95,hard c > k
205,core_ehn_250,kw::huehuecafentzontli::1,EHN_attested,approved_core_candidate,safe,safe: core_everyday_domain,huehuecafentzontli,huehuecafentzontli,wewekafentsontli,huehuecafentzontli,an old coffee tree,,noun,food_water,EHN_colloquial,Eastern Huasteca Nahuatl,107,nahuatl_kaikki_unified.json,nahuatl_kaikki_unified.json::huehuecafentzontli::sense-1,0.95,hu> w before vowel; z > s; hard c > k
206,core_ehn_250,kw::altepetl::5,EHN_attested,approved_core_candidate,safe,safe: core_everyday_domain,altepetl,altepetl,altepetl,altepetl,"altepetl, city, town",,noun,home_objects,EHN_colloquial,Eastern Huasteca Nahuatl,106,nahuatl_kaikki_unified.json,nahuatl_kaikki_unified.json::altepetl::sense-5,0.95,identity
207,core_ehn_250,kw::icha::1,EHN_attested,approved_core_candidate,safe,safe: core_everyday_domain,icha,icha,icha,icha,"his, her, its home",,noun,home_objects,EHN_colloquial,Eastern Huasteca Nahuatl,106,nahuatl_kaikki_unified.json,nahuatl_kaikki_unified.json::icha::sense-1,0.95,identity
208,core_ehn_250,kw::coto::1,EHN_attested,approved_core_candidate,safe,safe: core_everyday_domain,coto,coto,koto,coto,shirt,,noun,home_objects,EHN_colloquial,Eastern Huasteca Nahuatl,106,nahuatl_kaikki_unified.json,nahuatl_kaikki_unified.json::coto::sense-1,0.95,hard c > k
209,core_ehn_250,kw::mesa::1,EHN_attested,approved_core_candidate,safe,safe: core_everyday_domain,mesa,mesa,mesa,mesa,table,,noun,home_objects,EHN_colloquial,Eastern Huasteca Nahuatl,106,nahuatl_kaikki_unified.json,nahuatl_kaikki_unified.json::mesa::sense-1,0.95,identity
210,core_ehn_250,kw::puerta::1,EHN_attested,approved_core_candidate,safe,safe: core_everyday_domain,puerta,puerta,puerta,puerta,door,,noun,home_objects,EHN_colloquial,Eastern Huasteca Nahuatl,106,nahuatl_kaikki_unified.json,nahuatl_kaikki_unified.json::puerta::sense-1,0.95,identity
211,core_ehn_250,kw::siya::1,EHN_attested,approved_core_candidate,safe,safe: core_everyday_domain,siya,siya,siya,siya,chair,,noun,home_objects,EHN_colloquial,Eastern Huasteca Nahuatl,106,nahuatl_kaikki_unified.json,nahuatl_kaikki_unified.json::siya::sense-1,0.95,identity
212,core_ehn_250,kw::huapalli::2,EHN_attested,approved_core_candidate,safe,safe: core_everyday_domain,huapalli,huapalli,wapalli,huapalli,table,,noun,home_objects,EHN_colloquial,Eastern Huasteca Nahuatl,106,nahuatl_kaikki_unified.json,nahuatl_kaikki_unified.json::huapalli::sense-2,0.95,hu> w before vowel
213,core_ehn_250,kw::yoyomitl::2,EHN_attested,approved_core_candidate,safe,safe: core_everyday_domain,yoyomitl,yoyomitl,yoyomitl,yoyomitl,clothing,,noun,home_objects,EHN_colloquial,Eastern Huasteca Nahuatl,106,nahuatl_kaikki_unified.json,nahuatl_kaikki_unified.json::yoyomitl::sense-2,0.95,identity
214,core_ehn_250,kw::achtihuiehquetl::1,EHN_attested,approved_core_candidate,safe,safe: core_everyday_domain,achtihuiehquetl,achtihuiehquetl,achtiwiehketl,achtihuiehquetl,The oldest son or daughter,,noun,people_family,EHN_colloquial,Eastern Huasteca Nahuatl,105,nahuatl_kaikki_unified.json,nahuatl_kaikki_unified.json::achtihuiehquetl::sense-1,0.95,hu> w before vowel; qu > k before front vowel
215,core_ehn_250,kw::ixcafentic::1,EHN_attested,approved_core_candidate,safe,safe: core_everyday_domain,ixcafentic,ixcafentic,ixkafentik,ixcafentic,"coffee color, brown",,adj,food_water,EHN_colloquial,Eastern Huasteca Nahuatl,105,nahuatl_kaikki_unified.json,nahuatl_kaikki_unified.json::ixcafentic::sense-1,0.95,hard c > k
216,core_ehn_250,kw::caltlacatl::1,EHN_attested,approved_core_candidate,safe,safe: core_everyday_domain,caltlacatl,caltlacatl,kaltlakatl,caltlacatl,person,,noun,people_family,EHN_colloquial,Eastern Huasteca Nahuatl,105,nahuatl_kaikki_unified.json,nahuatl_kaikki_unified.json::caltlacatl::sense-1,0.95,hard c > k
217,core_ehn_250,kw::kokoxketl::3,EHN_attested,approved_core_candidate,safe,safe: core_everyday_domain,kokoxketl,kokoxketl,kokoxketl,kokoxketl,a sick person,,noun,people_family,EHN_colloquial,Eastern Huasteca Nahuatl,105,nahuatl_kaikki_unified.json,nahuatl_kaikki_unified.json::kokoxketl::sense-3,0.95,identity
218,core_ehn_250,kw::tlahtolcuatacani::1,EHN_attested,approved_core_candidate,safe,safe: core_everyday_domain,tlahtolcuatacani,tlahtolcuatacani,tlahtolkuatakani,tlahtolcuatacani,a well-spoken person,,noun,people_family,EHN_colloquial,Eastern Huasteca Nahuatl,105,nahuatl_kaikki_unified.json,nahuatl_kaikki_unified.json::tlahtolcuatacani::sense-1,0.95,hard c > k
219,core_ehn_250,kw::tlapohualiztli::2,EHN_attested,approved_core_candidate,safe,safe: core_everyday_domain,tlapohualiztli,tlapohualiztli,tlapowalistli,tlapohualiztli,lesson,,noun,people_family,EHN_colloquial,Eastern Huasteca Nahuatl,105,nahuatl_kaikki_unified.json,nahuatl_kaikki_unified.json::tlapohualiztli::sense-2,0.95,hu> w before vowel; z > s
220,core_ehn_250,kw::tlayohuilotl::1,EHN_attested,approved_core_candidate,safe,safe: core_everyday_domain,tlayohuilotl,tlayohuilotl,tlayowilotl,tlayohuilotl,night,,noun,time_calendar,EHN_colloquial,Eastern Huasteca Nahuatl,105,nahuatl_kaikki_unified.json,nahuatl_kaikki_unified.json::tlayohuilotl::sense-1,0.95,hu> w before vowel
221,core_ehn_250,kw::hueyinana::1,EHN_attested,approved_core_candidate,safe,safe: core_everyday_domain,hueyinana,hueyinana,weyinana,hueyinana,grandmother,,noun,people_family,EHN_colloquial,Eastern Huasteca Nahuatl,105,nahuatl_kaikki_unified.json,nahuatl_kaikki_unified.json::hueyinana::sense-1,0.95,hu> w before vowel
222,core_ehn_250,kw::hueyitata::1,EHN_attested,approved_core_candidate,safe,safe: core_everyday_domain,hueyitata,hueyitata,weyitata,hueyitata,grandfather,,noun,people_family,EHN_colloquial,Eastern Huasteca Nahuatl,105,nahuatl_kaikki_unified.json,nahuatl_kaikki_unified.json::hueyitata::sense-1,0.95,hu> w before vowel
223,core_ehn_250,kw::cualtitoc::1,EHN_attested,approved_core_candidate,safe,safe: general_everyday_candidate,cualtitoc,cualtitoc,kualtitok,cualtitoc,"fine, ok",,intj,general,EHN_colloquial,Eastern Huasteca Nahuatl,104,nahuatl_kaikki_unified.json,nahuatl_kaikki_unified.json::cualtitoc::sense-1,0.95,hard c > k
224,core_ehn_250,kw::altepetlehquetl::1,EHN_attested,approved_core_candidate,safe,safe: core_everyday_domain,altepetlehquetl,altepetlehquetl,altepetlehketl,altepetlehquetl,"the inhabitant of an altepetl, town",,noun,home_objects,EHN_colloquial,Eastern Huasteca Nahuatl,103,nahuatl_kaikki_unified.json,nahuatl_kaikki_unified.json::altepetlehquetl::sense-1,0.95,qu > k before front vowel
225,core_ehn_250,kw::amacamanalli::1,EHN_attested,approved_core_candidate,safe,safe: core_everyday_domain,amacamanalli,amacamanalli,amakamanalli,amacamanalli,map,,noun,home_objects,EHN_colloquial,Eastern Huasteca Nahuatl,103,nahuatl_kaikki_unified.json,nahuatl_kaikki_unified.json::amacamanalli::sense-1,0.95,hard c > k
226,core_ehn_250,kw::amatlahcuilolli::2,EHN_attested,approved_core_candidate,safe,safe: core_everyday_domain,amatlahcuilolli,amatlahcuilolli,amatlahkuilolli,amatlahcuilolli,A letter,,noun,home_objects,EHN_colloquial,Eastern Huasteca Nahuatl,103,nahuatl_kaikki_unified.json,nahuatl_kaikki_unified.json::amatlahcuilolli::sense-2,0.95,hard c > k
227,core_ehn_250,kw::tlaquemitl::1,EHN_attested,approved_core_candidate,safe,safe: core_everyday_domain,tlaquemitl,tlaquemitl,tlakemitl,tlaquemitl,blanket,,noun,home_objects,EHN_colloquial,Eastern Huasteca Nahuatl,103,nahuatl_kaikki_unified.json,nahuatl_kaikki_unified.json::tlaquemitl::sense-1,0.95,qu > k before front vowel
228,core_ehn_250,kw::azoltic::1,EHN_attested,approved_core_candidate,safe,safe: core_everyday_domain,azoltic,azoltic,asoltik,azoltic,blue,,adj,quality_color,EHN_colloquial,Eastern Huasteca Nahuatl,102,nahuatl_kaikki_unified.json,nahuatl_kaikki_unified.json::azoltic::sense-1,0.95,z > s; hard c > k
229,core_ehn_250,kw::ehquetl::1,EHN_attested,approved_core_candidate,safe,safe: general_everyday_candidate,ehquetl,ehquetl,ehketl,ehquetl,being,,noun,general,EHN_colloquial,Eastern Huasteca Nahuatl,102,nahuatl_kaikki_unified.json,nahuatl_kaikki_unified.json::ehquetl::sense-1,0.95,qu > k before front vowel
230,core_ehn_250,kw::icelti::1,EHN_attested,approved_core_candidate,safe,safe: core_everyday_domain,icelti,icelti,iselti,icelti,alone,,adj,quality_color,EHN_colloquial,Eastern Huasteca Nahuatl,102,nahuatl_kaikki_unified.json,nahuatl_kaikki_unified.json::icelti::sense-1,0.95,soft c > s
231,core_ehn_250,kw::isocapa::1,EHN_attested,approved_core_candidate,safe,safe: core_everyday_domain,isocapa,isocapa,isokapa,isocapa,fast,,adj,quality_color,EHN_colloquial,Eastern Huasteca Nahuatl,102,nahuatl_kaikki_unified.json,nahuatl_kaikki_unified.json::isocapa::sense-1,0.95,hard c > k
232,core_ehn_250,kw::kawayoh::3,EHN_attested,approved_core_candidate,safe,safe: general_everyday_candidate,kawayoh,kawayoh,kawayoh,kawayoh,beast,,noun,general,EHN_colloquial,Eastern Huasteca Nahuatl,102,nahuatl_kaikki_unified.json,nahuatl_kaikki_unified.json::kawayoh::sense-3,0.95,identity
233,core_ehn_250,kw::zayoltzi::1,EHN_attested,approved_core_candidate,safe,safe: general_everyday_candidate,zayoltzi,zayoltzi,sayoltsi,zayoltzi,bee,,noun,general,EHN_colloquial,Eastern Huasteca Nahuatl,102,nahuatl_kaikki_unified.json,nahuatl_kaikki_unified.json::zayoltzi::sense-1,0.95,z > s
234,core_ehn_250,kw::zozoltic::2,EHN_attested,approved_core_candidate,safe,safe: core_everyday_domain,zozoltic,zozoltic,sosoltik,zozoltic,old (thing),,adj,quality_color,EHN_colloquial,Eastern Huasteca Nahuatl,102,nahuatl_kaikki_unified.json,nahuatl_kaikki_unified.json::zozoltic::sense-2,0.95,z > s; hard c > k
235,core_ehn_250,kw::totonic::1,EHN_attested,approved_core_candidate,safe,safe: core_everyday_domain,totonic,totonic,totonik,totonic,hot,,adj,quality_color,EHN_colloquial,Eastern Huasteca Nahuatl,102,nahuatl_kaikki_unified.json,nahuatl_kaikki_unified.json::totonic::sense-1,0.95,hard c > k
236,core_ehn_250,kw::huactoc::1,EHN_attested,approved_core_candidate,safe,safe: core_everyday_domain,huactoc,huactoc,waktok,huactoc,dry,,adj,quality_color,EHN_colloquial,Eastern Huasteca Nahuatl,102,nahuatl_kaikki_unified.json,nahuatl_kaikki_unified.json::huactoc::sense-1,0.95,hu> w before vowel; hard c > k
237,core_ehn_250,kw::huehue::4,EHN_attested,approved_core_candidate,safe,safe: core_everyday_domain,huehue,huehue,wewe,huehue,old,,adj,quality_color,EHN_colloquial,Eastern Huasteca Nahuatl,102,nahuatl_kaikki_unified.json,nahuatl_kaikki_unified.json::huehue::sense-4,0.95,hu> w before vowel
238,core_ehn_250,kw::cecuiliztli::1,EHN_attested,approved_core_candidate,safe,safe: core_everyday_domain,cecuiliztli,cecuiliztli,sekuilistli,cecuiliztli,the cold,,noun,quality_color,EHN_colloquial,Eastern Huasteca Nahuatl,101,nahuatl_kaikki_unified.json,nahuatl_kaikki_unified.json::cecuiliztli::sense-1,0.95,soft c > s; z > s; hard c > k
239,core_ehn_250,kw::tlamantli::1,EHN_attested,approved_core_candidate,safe,safe: core_everyday_domain,tlamantli,tlamantli,tlamantli,tlamantli,thing,,noun,quality_color,EHN_colloquial,Eastern Huasteca Nahuatl,101,nahuatl_kaikki_unified.json,nahuatl_kaikki_unified.json::tlamantli::sense-1,0.95,identity
240,core_ehn_250,kw::yacatzompilli::1,EHN_attested,approved_core_candidate,safe,safe: core_everyday_domain,yacatzompilli,yacatzompilli,yakatsompilli,yacatzompilli,a cold (sickness),,noun,quality_color,EHN_colloquial,Eastern Huasteca Nahuatl,101,nahuatl_kaikki_unified.json,nahuatl_kaikki_unified.json::yacatzompilli::sense-1,0.95,z > s; hard c > k
241,core_ehn_250,kw::chichiltik::3,EHN_attested,approved_core_candidate,safe,safe: core_everyday_domain,chichiltik,chichiltik,chichiltik,chichiltik,red,,adj,quality_color,EHN_colloquial,Eastern Huasteca Nahuatl,99,nahuatl_kaikki_unified.json,nahuatl_kaikki_unified.json::chichiltik::sense-3,0.95,identity
242,core_ehn_250,kw::chicahuac::2,EHN_attested,approved_core_candidate,safe,safe: core_everyday_domain,chicahuac,chicahuac,chikawak,chicahuac,strong,,adj,quality_color,EHN_colloquial,Eastern Huasteca Nahuatl,99,nahuatl_kaikki_unified.json,nahuatl_kaikki_unified.json::chicahuac::sense-2,0.95,hu> w before vowel; hard c > k
243,core_ehn_250,kw::chipahuac::2,EHN_attested,approved_core_candidate,safe,safe: core_everyday_domain,chipahuac,chipahuac,chipawak,chipahuac,white,,adj,quality_color,EHN_colloquial,Eastern Huasteca Nahuatl,99,nahuatl_kaikki_unified.json,nahuatl_kaikki_unified.json::chipahuac::sense-2,0.95,hu> w before vowel; hard c > k
244,core_ehn_250,kw::iztlacati::2,EHN_attested,approved_core_candidate,safe,safe: general_everyday_candidate,iztlacati,iztlacati,istlakati,iztlacati,to lie,,verb,general,EHN_colloquial,Eastern Huasteca Nahuatl,99,nahuatl_kaikki_unified.json,nahuatl_kaikki_unified.json::iztlacati::sense-2,0.95,z > s; hard c > k
245,core_ehn_250,kw::cualantoc::1,EHN_attested,approved_core_candidate,safe,safe: core_everyday_domain,cualantoc,cualantoc,kualantok,cualantoc,angry,,adj,quality_color,EHN_colloquial,Eastern Huasteca Nahuatl,99,nahuatl_kaikki_unified.json,nahuatl_kaikki_unified.json::cualantoc::sense-1,0.95,hard c > k
246,core_ehn_250,kw::cuecuetzi::1,EHN_attested,approved_core_candidate,safe,safe: core_everyday_domain,cuecuetzi,cuecuetzi,kuekuetsi,cuecuetzi,tiny,,adj,quality_color,EHN_colloquial,Eastern Huasteca Nahuatl,99,nahuatl_kaikki_unified.json,nahuatl_kaikki_unified.json::cuecuetzi::sense-1,0.95,z > s; hard c > k
247,core_ehn_250,kw::huehcapantic::1,EHN_attested,approved_core_candidate,safe,safe: core_everyday_domain,huehcapantic,huehcapantic,wehkapantik,huehcapantic,tall,,adj,quality_color,EHN_colloquial,Eastern Huasteca Nahuatl,99,nahuatl_kaikki_unified.json,nahuatl_kaikki_unified.json::huehcapantic::sense-1,0.95,hu> w before vowel; hard c > k
248,core_ehn_250,kw::huehcatla::1,EHN_attested,approved_core_candidate,safe,safe: core_everyday_domain,huehcatla,huehcatla,wehkatla,huehcatla,deep,,adj,quality_color,EHN_colloquial,Eastern Huasteca Nahuatl,99,nahuatl_kaikki_unified.json,nahuatl_kaikki_unified.json::huehcatla::sense-1,0.95,hu> w before vowel; hard c > k
249,core_ehn_250,kw::huehuentzi::1,EHN_attested,approved_core_candidate,safe,safe: core_everyday_domain,huehuentzi,huehuentzi,wewentsi,huehuentzi,old,,adj,quality_color,EHN_colloquial,Eastern Huasteca Nahuatl,99,nahuatl_kaikki_unified.json,nahuatl_kaikki_unified.json::huehuentzi::sense-1,0.95,hu> w before vowel; z > s
250,core_ehn_250,kw::huehueyac::1,EHN_attested,approved_core_candidate,safe,safe: core_everyday_domain,huehueyac,huehueyac,weweyak,huehueyac,long,,adj,quality_color,EHN_colloquial,Eastern Huasteca Nahuatl,99,nahuatl_kaikki_unified.json,nahuatl_kaikki_unified.json::huehueyac::sense-1,0.95,hu> w before vowel; hard c > k
